name,phone,email,address,list,country,region,postalZip,text,numberrange,currency,alphanumeric
Julian Davidson,(426) 825-9253,nunc.mauris@google.couk,"P.O. Box 243, 2540 Enim. Avenue",5,Brazil,Veneto,6488,"ac mattis semper, dui lectus rutrum urna, nec luctus felis",8,$73.61,BLQ51VJP9NM
Uriah Bird,(331) 211-4725,vel.quam.dignissim@google.couk,Ap #961-2867 Sit Avenue,15,Ukraine,Prince Edward Island,7289,Etiam imperdiet dictum magna. Ut tincidunt orci quis lectus. Nullam,10,$90.72,MAP19PIT4HT
Imelda Mcfarland,(487) 484-7532,metus.vitae.velit@aol.net,Ap #328-6198 Cras Rd.,15,China,Delta,463172,ipsum cursus vestibulum. Mauris magna. Duis dignissim tempor arcu. Vestibulum,1,$4.30,EXY12CMY3EV
Imogene Ortiz,(363) 385-5933,ut@google.net,"P.O. Box 105, 8638 Natoque Road",17,Australia,Heredia,3956,"a, scelerisque sed, sapien. Nunc pulvinar arcu et pede. Nunc",2,$49.05,TEL93SEW4FT
Remedios Mayer,1-620-777-8044,natoque@protonmail.com,"P.O. Box 452, 6751 Ultricies Av.",1,United States,Bạc Liêu,2274,"nonummy ac, feugiat non, lobortis quis, pede. Suspendisse dui. Fusce",4,$22.93,CBY60PFW5GV
Cleo Shepherd,(332) 117-3453,accumsan@yahoo.couk,"P.O. Box 371, 6340 Vulputate Avenue",15,Netherlands,Rivers,718146,"Donec felis orci, adipiscing non, luctus sit amet, faucibus ut,",2,$29.22,UFW11HRL6PL
Todd Aguilar,(878) 841-7373,fermentum@yahoo.edu,"P.O. Box 121, 2043 Viverra. Street",11,Poland,Gangwon,205471,"pede et risus. Quisque libero lacus, varius et, euismod et,",2,$78.38,OEJ65FPQ2VH
Aladdin Hays,(319) 584-6166,posuere.at@aol.ca,956-740 Fermentum Rd.,5,Italy,Molise,71846,"eleifend egestas. Sed pharetra, felis eget varius ultrices, mauris ipsum",6,$4.56,MPV69FZD7BV
Phelan Klein,1-240-286-2181,non.cursus@hotmail.org,"P.O. Box 397, 8905 Lobortis Ave",3,China,Comunitat Valenciana,4866,"dolor, nonummy ac, feugiat non, lobortis quis, pede. Suspendisse dui.",7,$90.63,YFX33NWV5OK
Deanna Watson,(687) 478-7623,tortor.at@aol.org,133-9005 Proin St.,17,Germany,Southwestern Tagalog Region,622903,tempor augue ac ipsum. Phasellus vitae mauris sit amet lorem,9,$0.13,UJW82FTC5SE
Germaine Gutierrez,1-694-468-1746,lobortis@icloud.couk,"P.O. Box 473, 278 Ultrices Ave",5,South Africa,Victoria,2997,scelerisque neque. Nullam nisl. Maecenas malesuada fringilla est. Mauris eu,9,$98.88,TKP37WEI1CK
Leilani Booth,(582) 967-4657,at@google.net,421-2179 In Road,9,Netherlands,South Chungcheong,24134,"vestibulum nec, euismod in, dolor. Fusce feugiat. Lorem ipsum dolor",5,$78.80,CPJ28TEO4GJ
Lunea Garner,(523) 380-3692,eget.laoreet@protonmail.net,906-8342 Est Avenue,7,Italy,Victoria,2612,"lorem, sit amet ultricies sem magna nec quam. Curabitur vel",2,$42.89,VOF47CUH3RP
Alec Wooten,(874) 355-2833,lectus.sit@google.com,2092 Nonummy St.,15,Turkey,Dalarnas län,39179,"non, dapibus rutrum, justo. Praesent luctus. Curabitur egestas nunc sed",7,$83.77,GMC36RTA8ZO
Portia Jacobson,1-775-424-7111,purus.maecenas@google.net,"6984 Vel, Avenue",17,Turkey,Midi-Pyrénées,2516 FT,orci. Phasellus dapibus quam quis diam. Pellentesque habitant morbi tristique,3,$66.21,NBB45MHI5UH
Benedict Ramirez,1-667-793-5503,semper.tellus.id@aol.edu,"P.O. Box 793, 2663 Scelerisque Av.",1,Pakistan,Chandigarh,77735,Sed eu nibh vulputate mauris sagittis placerat. Cras dictum ultricies,3,$53.78,NBR26RBY7LT
Erica Mercado,(788) 143-7181,lorem.ipsum@protonmail.ca,"P.O. Box 282, 9741 Non Rd.",3,United Kingdom,East Region,94453,"eu, accumsan sed, facilisis vitae, orci. Phasellus dapibus quam quis",9,$60.50,CFM71TDG1PB
Iris Parsons,1-855-551-9817,tincidunt@google.couk,223-6196 Lectus St.,1,China,North-East Region,777461,enim commodo hendrerit. Donec porttitor tellus non magna. Nam ligula,4,$8.78,KPE76HCP7UG
Lois Woods,(956) 535-5625,lorem.lorem.luctus@outlook.couk,738-8701 Fermentum Rd.,1,Costa Rica,East Region,17186,"pede, ultrices a, auctor non, feugiat nec, diam. Duis mi",3,$46.68,EXD35PWB2YX
Frances Flowers,(794) 718-8122,enim@outlook.couk,"Ap #556-3224 Vel, Road",11,Netherlands,Vorarlberg,12812,nec urna et arcu imperdiet ullamcorper. Duis at lacus. Quisque,5,$90.52,WKC91JHV7KA
Kadeem Martin,(742) 892-4915,facilisis@hotmail.com,Ap #940-2391 Ante Rd.,7,Italy,Corse,66479-657,at fringilla purus mauris a nunc. In at pede. Cras,0,$64.03,LRN55IVB7FW
Quamar Sandoval,1-682-579-7281,mattis.ornare@google.org,"P.O. Box 453, 1242 Nibh. St.",5,Mexico,Diyarbakır,16838,"dis parturient montes, nascetur ridiculus mus. Proin vel arcu eu",4,$30.88,MEW21IZH8CU
Echo Mooney,(399) 311-3273,donec.est.mauris@icloud.couk,423-9891 Aliquet St.,13,United Kingdom,Cusco,51251,"elit sed consequat auctor, nunc nulla vulputate dui, nec tempus",7,$40.58,ILA31LLP7QI
Carl Conrad,(558) 467-5125,ut.mi.duis@yahoo.couk,860-282 Ut Avenue,11,Poland,Styria,90-790,"lobortis risus. In mi pede, nonummy ut, molestie in, tempus",10,$45.77,WNA52TIO8CU
Teegan Barber,1-946-899-4283,mauris.nulla.integer@outlook.couk,"P.O. Box 362, 1915 Facilisis Road",3,China,Cambridgeshire,826467,dictum. Phasellus in felis. Nulla tempor augue ac ipsum. Phasellus,7,$6.89,OJC65DRQ5IY
Althea Duran,1-347-140-1947,dictum.ultricies@aol.edu,"P.O. Box 798, 8059 Sociis Rd.",19,Vietnam,Tasmania,24137,fames ac turpis egestas. Fusce aliquet magna a neque. Nullam,1,$42.93,PCB51TSX7TC
Jessamine Hawkins,1-440-947-9443,sed.libero@hotmail.org,"P.O. Box 431, 7093 Lacus. Ave",7,United States,Salzburg,74-36,ac ipsum. Phasellus vitae mauris sit amet lorem semper auctor.,3,$18.93,HXX09LUQ8ST
Merritt Quinn,1-724-934-9252,at.pede@protonmail.couk,"Ap #446-5685 Est, Rd.",1,Ireland,Delhi,73204,"luctus aliquet odio. Etiam ligula tortor, dictum eu, placerat eget,",7,$10.64,MFK73FFD1NU
MacKenzie Grant,1-717-932-6242,sed.eget@outlook.com,7147 Et Street,15,Costa Rica,Tyrol,3247,"ac tellus. Suspendisse sed dolor. Fusce mi lorem, vehicula et,",8,$7.47,MMK11TWC0QM
Rafael Herman,(519) 373-8724,pede.nunc.sed@aol.ca,4395 Eget Rd.,17,China,Jönköpings län,46286,interdum ligula eu enim. Etiam imperdiet dictum magna. Ut tincidunt,10,$79.87,RQV36ZNG3EQ
Zahir Frederick,1-335-802-8412,parturient.montes@hotmail.ca,Ap #716-2021 Sociis Rd.,7,Sweden,West-Vlaanderen,73241,Nam porttitor scelerisque neque. Nullam nisl. Maecenas malesuada fringilla est.,1,$61.59,SRU24LUQ8SM
Emmanuel Dodson,1-751-552-7343,pharetra@google.net,9549 Diam. St.,11,Canada,Rogaland,79857,consectetuer adipiscing elit. Curabitur sed tortor. Integer aliquam adipiscing lacus.,4,$22.42,XEE64WNX8OY
Vera Walter,(281) 313-9966,gravida.sit@google.edu,Ap #257-1975 Nullam Rd.,9,Spain,Distrito Capital,641322,"at, velit. Cras lorem lorem, luctus ut, pellentesque eget, dictum",3,$67.89,RRQ41YBQ5DF
Malik Hampton,1-624-442-5483,justo.faucibus@icloud.ca,Ap #630-9312 Ante Street,1,Vietnam,Zhōngnán,4018-1145,feugiat placerat velit. Quisque varius. Nam porttitor scelerisque neque. Nullam,10,$61.31,PIK46IWC0TR
Quon Mejia,(950) 390-8148,nulla@google.com,"Ap #646-5118 Sapien, Ave",5,Peru,Gauteng,83-74,"porta elit, a feugiat tellus lorem eu metus. In lorem.",9,$87.19,KXT12QFI6DD
Kameko Craft,(684) 601-4757,facilisis@hotmail.ca,"P.O. Box 734, 9223 Sodales. St.",3,Colombia,Nottinghamshire,31-172,"hendrerit. Donec porttitor tellus non magna. Nam ligula elit, pretium",5,$31.36,XLI69HMJ1FY
Dane Porter,1-762-211-1527,sed.congue.elit@outlook.edu,5352 Semper Rd.,13,New Zealand,Vestland,525253,eget magna. Suspendisse tristique neque venenatis lacus. Etiam bibendum fermentum,7,$86.29,EXR63EEM1AL
Maxine Rodriquez,1-442-560-4244,suspendisse.aliquet@yahoo.org,797-4944 Sem Street,11,South Korea,Zhōngnán,8514,"montes, nascetur ridiculus mus. Donec dignissim magna a tortor. Nunc",2,$72.39,XXZ84CLY2FT
Ivan Mcfarland,(761) 893-6777,senectus.et@protonmail.net,463-778 Sociis Av.,9,United States,Kujawsko-pomorskie,5512 UG,"ut aliquam iaculis, lacus pede sagittis augue, eu tempor erat",7,$24.29,WFS47VNO8LB
Channing Hunter,(454) 787-7795,lacinia.sed.congue@yahoo.edu,337-4438 Tristique St.,11,Peru,Huádōng,46121,"Morbi neque tellus, imperdiet non, vestibulum nec, euismod in, dolor.",4,$94.57,MBV56RUC8HF
Louis Booker,(440) 353-5650,natoque@yahoo.ca,5194 Hendrerit St.,3,Chile,Connacht,3024,"Mauris vel turpis. Aliquam adipiscing lobortis risus. In mi pede,",6,$96.17,UDO06AQA5GF
Orson Bruce,1-962-861-8234,ornare.lectus@hotmail.edu,916-8823 Faucibus Road,11,Costa Rica,Caldas,1279,mus. Proin vel arcu eu odio tristique pharetra. Quisque ac,5,$37.82,XJJ78UNE5WQ
Brittany Clements,(819) 228-2252,eu.euismod@icloud.edu,419-6183 Enim Street,3,Peru,Kerala,56084,id enim. Curabitur massa. Vestibulum accumsan neque et nunc. Quisque,4,$28.46,GYB12KUO6BR
Marah Glenn,1-181-777-8744,sit@hotmail.net,"P.O. Box 250, 3871 Eleifend, Ave",15,Belgium,West Nusa Tenggara,18394,"ligula consectetuer rhoncus. Nullam velit dui, semper et, lacinia vitae,",5,$30.94,IXY42XVX3BQ
Ralph Shields,1-716-258-5865,amet.orci@outlook.com,"P.O. Box 842, 269 Dis St.",13,Colombia,Sląskie,61158,eget lacus. Mauris non dui nec urna suscipit nonummy. Fusce,7,$43.97,HYG23CHE3ZY
Sylvia Craft,(807) 168-4491,consectetuer.mauris@google.couk,Ap #926-7144 Ut Avenue,7,United States,Guanacaste,959414,Integer tincidunt aliquam arcu. Aliquam ultrices iaculis odio. Nam interdum,2,$46.71,PGV93MDE3VD
Cheyenne Cleveland,1-841-623-4084,integer@outlook.ca,352-8145 Nunc Ave,7,Costa Rica,Şanlıurfa,5455 WY,velit. Quisque varius. Nam porttitor scelerisque neque. Nullam nisl. Maecenas,2,$78.45,JDU82XJG0QN
Graiden Robles,(435) 724-2517,aliquam.eu@protonmail.org,213-3117 Nunc St.,7,Brazil,Somerset,184137,"Quisque purus sapien, gravida non, sollicitudin a, malesuada id, erat.",0,$75.93,DLU20AXT6SW
Marvin Hudson,1-229-485-1746,sed@protonmail.com,197-8445 Mauris Rd.,13,Peru,Nghệ An,27-15,"elit, a feugiat tellus lorem eu metus. In lorem. Donec",5,$72.84,HKU11KBX2OV
Nayda Hogan,(614) 756-3267,lobortis.nisi@protonmail.com,3062 Magna Rd.,9,Turkey,Borno,4656,"gravida sit amet, dapibus id, blandit at, nisi. Cum sociis",5,$57.39,YEK52GOB4TB
Griffith Skinner,(468) 241-6127,ligula.nullam@outlook.org,"P.O. Box 558, 5634 Nunc Avenue",11,Netherlands,Rivne oblast,864143,"nec, mollis vitae, posuere at, velit. Cras lorem lorem, luctus",3,$81.87,GDW06COM2MX
Iola Ross,(987) 335-5518,sociis.natoque@yahoo.edu,"P.O. Box 903, 4302 Adipiscing Ave",17,Brazil,Eastern Cape,373511,ac arcu. Nunc mauris. Morbi non sapien molestie orci tincidunt,0,$37.46,CFJ83YOM3DO
Urielle Rose,(574) 784-2026,eget.metus.eu@protonmail.couk,Ap #427-6169 At Rd.,15,Russian Federation,Bursa,5193,arcu. Sed eu nibh vulputate mauris sagittis placerat. Cras dictum,4,$58.38,FKA29PCZ5OX
Channing Solis,1-353-864-0736,non.arcu@icloud.couk,484-4021 Nonummy Avenue,3,France,Odisha,67-86,"Morbi accumsan laoreet ipsum. Curabitur consequat, lectus sit amet luctus",0,$59.61,RUC37GOF5JP
Amity Kramer,(335) 727-3642,cursus.luctus@protonmail.ca,286-1155 Tellus. Ave,1,Austria,Viken,833622,et pede. Nunc sed orci lobortis augue scelerisque mollis. Phasellus,3,$94.82,BUU45QRL9RS
Camilla Kramer,1-583-747-1513,lacinia.at@aol.couk,"P.O. Box 889, 2183 Porttitor Rd.",13,France,Hà Giang,6118-4619,tincidunt tempus risus. Donec egestas. Duis ac arcu. Nunc mauris.,4,$48.24,QLC43BSX1LZ
Hamish Holman,1-978-567-4530,egestas.nunc@protonmail.edu,Ap #374-4524 Lorem Rd.,19,Brazil,Lower Austria,9612,"natoque penatibus et magnis dis parturient montes, nascetur ridiculus mus.",10,$21.80,WXW93GMO1NR
Edan Solis,1-362-383-3355,sagittis@protonmail.org,"P.O. Box 647, 8037 Pretium Rd.",15,Chile,Jeju,396132,"eleifend vitae, erat. Vivamus nisi. Mauris nulla. Integer urna. Vivamus",1,$72.28,CTO05OUU5YB
Alfreda Powers,1-771-207-3359,id.enim@icloud.net,Ap #522-8807 Arcu Rd.,15,South Korea,Cusco,1714,"Lorem ipsum dolor sit amet, consectetuer adipiscing elit. Etiam laoreet,",1,$32.71,BMY12HNT5GC
Chase Petersen,(617) 645-1241,in.magna@yahoo.com,8848 Nulla. St.,11,Pakistan,Los Lagos,17563,Vestibulum ut eros non enim commodo hendrerit. Donec porttitor tellus,5,$48.53,NQV62JGR6LB
Tyler Hunter,1-112-552-4312,aliquam.adipiscing@protonmail.ca,884-1588 Donec St.,1,Ukraine,North-East Region,54581,"dapibus gravida. Aliquam tincidunt, nunc ac mattis ornare, lectus ante",0,$20.15,OTI41MLE8CK
Cadman Langley,1-512-508-2108,malesuada.integer.id@outlook.org,766-3672 Ultricies St.,7,Ukraine,California,2697,"felis orci, adipiscing non, luctus sit amet, faucibus ut, nulla.",6,$8.22,COP56IXW1YC
Stuart Stevenson,(375) 573-8572,justo.eu.arcu@yahoo.couk,Ap #295-426 Felis. Avenue,15,Turkey,Abruzzo,3714,Quisque tincidunt pede ac urna. Ut tincidunt vehicula risus. Nulla,6,$70.92,ITF76OLW1TM
Cailin Donovan,1-553-935-7763,dui@google.couk,Ap #961-7565 Pellentesque Road,19,Vietnam,Newfoundland and Labrador,26-554,morbi tristique senectus et netus et malesuada fames ac turpis,7,$85.78,HGX11COQ4NU
Ahmed Lindsay,1-867-810-8513,phasellus.nulla@icloud.net,"P.O. Box 983, 229 Primis Avenue",3,Canada,Noord Holland,26661,amet lorem semper auctor. Mauris vel turpis. Aliquam adipiscing lobortis,6,$58.55,GWN48XXB6ZN
Patrick Stark,(330) 105-5184,mauris@yahoo.edu,Ap #499-5127 Facilisis Road,3,Italy,Quảng Bình,16638,non dui nec urna suscipit nonummy. Fusce fermentum fermentum arcu.,9,$60.34,LDJ47QWO2PD
Ignatius Kelly,1-263-812-5262,nunc.mauris@hotmail.net,"P.O. Box 252, 6574 Sit Street",3,South Africa,Victoria,645952,sagittis semper. Nam tempor diam dictum sapien. Aenean massa. Integer,7,$2.29,LSM52VRK7XM
Thor Hanson,(418) 823-0483,nam.porttitor.scelerisque@yahoo.ca,250-3348 Tellus Rd.,3,Peru,Schleswig-Holstein,12171,eu neque pellentesque massa lobortis ultrices. Vivamus rhoncus. Donec est.,2,$83.09,LOP41FBS5LV
Gillian Tate,(987) 853-6374,sed.nulla@hotmail.com,430-8355 Aenean Av.,9,Italy,Bến Tre,S8Z 8W8,"Suspendisse sed dolor. Fusce mi lorem, vehicula et, rutrum eu,",10,$20.80,EPO66ITW4TN
Cody Rowe,(698) 647-4076,duis.at.lacus@icloud.net,"P.O. Box 585, 2562 Hendrerit St.",7,Norway,North Gyeongsang,3047,Nullam vitae diam. Proin dolor. Nulla semper tellus id nunc,3,$89.16,YJN15PKD8II
Hollee Copeland,(698) 831-4534,tincidunt.aliquam@icloud.couk,6860 Malesuada Street,1,Belgium,Oslo,64354,"consequat nec, mollis vitae, posuere at, velit. Cras lorem lorem,",5,$81.08,ISP55FXK2LK
Brendan Estrada,1-267-848-2513,placerat.augue@protonmail.org,728-4023 Arcu. Ave,5,Chile,Kharkiv oblast,633813,Fusce mollis. Duis sit amet diam eu dolor egestas rhoncus.,2,$56.38,JGX70JXE4YD
Ali Santos,(981) 203-1364,vulputate.dui@google.couk,"662-8376 Sem, Ave",7,Ireland,Jönköpings län,218642,orci luctus et ultrices posuere cubilia Curae Donec tincidunt. Donec,5,$91.26,FBD82IXR9KU
Zahir Skinner,1-648-463-2077,ornare.lectus@protonmail.ca,Ap #963-4480 Etiam St.,9,France,Tripura,25563,ipsum cursus vestibulum. Mauris magna. Duis dignissim tempor arcu. Vestibulum,8,$19.45,OHG69NKG1XE
Kirsten Burris,(426) 441-5111,metus.urna@aol.com,"957-4108 Eleifend, Rd.",15,Mexico,Zachodniopomorskie,945771,"ante, iaculis nec, eleifend non, dapibus rutrum, justo. Praesent luctus.",4,$73.62,HNY41DZR7WH
Orson Ochoa,(787) 488-8771,hendrerit.a@icloud.net,Ap #114-869 Tempor St.,17,Brazil,Luxemburg,615914,"Etiam ligula tortor, dictum eu, placerat eget, venenatis a, magna.",5,$14.05,MYG44XAI7DX
Tatiana Wiley,1-643-272-2168,primis.in.faucibus@yahoo.org,Ap #182-6349 Sagittis Road,19,Turkey,Chhattisgarh,R1E 6G4,neque et nunc. Quisque ornare tortor at risus. Nunc ac,7,$77.41,PNE25VRZ3HP
Dean Trujillo,1-555-613-4515,amet.risus@yahoo.net,"822-6597 Magna, Avenue",7,Nigeria,Balochistan,4436,"pede sagittis augue, eu tempor erat neque non quam. Pellentesque",6,$70.34,EJU48GGW2KV
Eliana Shepherd,(138) 316-2228,vivamus.non.lorem@hotmail.ca,396-8653 Interdum Rd.,15,Sweden,South Kalimantan,212578,"sapien. Cras dolor dolor, tempus non, lacinia at, iaculis quis,",7,$95.38,FYF98DTM2SO
Cleo Arnold,1-483-568-2911,nisl.maecenas.malesuada@outlook.org,"318-9546 Vel, St.",5,United States,Coahuila,62493,"bibendum sed, est. Nunc laoreet lectus quis massa. Mauris vestibulum,",4,$45.28,BPJ80FYM5RC
Donna Bullock,1-205-827-6514,sodales.purus.in@icloud.edu,355-4815 Rutrum Street,15,Canada,Aragón,276818,"mattis semper, dui lectus rutrum urna, nec luctus felis purus",1,$88.48,FAM55ICI3NS
Darius Thornton,(599) 714-3458,accumsan.interdum@google.org,"5915 Sapien, Rd.",9,Indonesia,Bengkulu,19192-36421,vehicula. Pellentesque tincidunt tempus risus. Donec egestas. Duis ac arcu.,4,$66.58,VJQ26XSJ4EG
Jonas Franks,(711) 367-4867,amet@hotmail.net,Ap #313-6569 Diam. Rd.,15,Germany,South Chungcheong,863999,"ante, iaculis nec, eleifend non, dapibus rutrum, justo. Praesent luctus.",1,$85.82,TLD67BFI3QB
Eric Boyer,1-854-466-5011,ac@aol.com,438-9690 Integer Avenue,1,Chile,Cajamarca,3409,"tincidunt dui augue eu tellus. Phasellus elit pede, malesuada vel,",1,$41.76,JGM10GNX4WZ
Gabriel Burris,(352) 227-8635,lacinia.at.iaculis@aol.com,638-5487 Nunc Rd.,1,Canada,Guainía,497282,"libero. Integer in magna. Phasellus dolor elit, pellentesque a, facilisis",3,$69.69,JZR54YOY9TN
Yvette Combs,(777) 651-8860,blandit.at.nisi@outlook.couk,Ap #106-8996 Et St.,7,Costa Rica,Paraíba,14871,ut eros non enim commodo hendrerit. Donec porttitor tellus non,7,$61.08,BRN18PUS4CQ
Maris Mcneil,(961) 654-6249,nonummy.fusce.fermentum@outlook.net,"P.O. Box 993, 4277 Sem. St.",13,Turkey,Puntarenas,58672,Vivamus non lorem vitae odio sagittis semper. Nam tempor diam,2,$55.73,NCK80LTC8SO
Omar Vance,(281) 222-6681,duis@icloud.ca,836-2822 Ipsum Road,1,New Zealand,Northern Territory,872777,Mauris magna. Duis dignissim tempor arcu. Vestibulum ut eros non,2,$60.61,ZXU60IUV1RF
Aspen Weber,1-598-568-7296,sit.amet.faucibus@aol.ca,"P.O. Box 658, 3530 Dolor St.",7,Chile,Zaporizhzhia oblast,71957,Quisque nonummy ipsum non arcu. Vivamus sit amet risus. Donec,5,$19.85,PGI26ERB7AQ
Amy Hunter,(231) 694-1692,nec@aol.net,"P.O. Box 280, 9674 Duis Av.",11,Spain,Mykolaiv oblast,71-48,"libero et tristique pellentesque, tellus sem mollis dui, in sodales",3,$95.59,ZDM88BRX4TT
Ulric Conway,(496) 491-8667,euismod.est@outlook.ca,253-2958 Id Rd.,19,Austria,Ceuta,51402,Aenean euismod mauris eu elit. Nulla facilisi. Sed neque. Sed,9,$79.71,DKN44RHS6DW
Karina Flowers,1-428-373-0175,consectetuer.rhoncus@google.org,"P.O. Box 653, 9125 A, Rd.",15,Belgium,Đắk Lắk,606733,ac turpis egestas. Aliquam fringilla cursus purus. Nullam scelerisque neque,5,$77.76,MQA83HEZ7CC
Gail Wheeler,(418) 222-8348,tortor.dictum@outlook.ca,"P.O. Box 520, 6003 Parturient Rd.",5,Netherlands,Zhōngnán,17426,"ipsum dolor sit amet, consectetuer adipiscing elit. Aliquam auctor, velit",3,$73.95,IET08GER7MG
Rana Mccray,1-398-542-1154,ut@hotmail.com,Ap #848-6603 Tincidunt Rd.,7,United States,Quebec,64633,nibh. Quisque nonummy ipsum non arcu. Vivamus sit amet risus.,6,$30.92,AOR27UZL1OS
Yuli Dunlap,1-614-422-8718,eu.enim@google.ca,3844 Adipiscing Avenue,17,France,Vologda Oblast,61282,magna. Cras convallis convallis dolor. Quisque tincidunt pede ac urna.,5,$53.23,HQK46XRI5UT
Evangeline Greer,(242) 224-5171,dui.quis@aol.net,444-3383 A Av.,7,Brazil,North Maluku,15642,"lacinia mattis. Integer eu lacus. Quisque imperdiet, erat nonummy ultricies",6,$61.95,YVP87WTB0FL
Zena Perez,(484) 515-8619,egestas.aliquam@outlook.edu,"P.O. Box 728, 9923 Ac St.",9,Belgium,Istanbul,51014,"porttitor eros nec tellus. Nunc lectus pede, ultrices a, auctor",4,$21.00,IMG52WCP5RT
Tanner Elliott,(483) 401-3802,mi.enim@hotmail.com,428-5362 Vivamus Rd.,19,Sweden,Marche,50701,"at, velit. Cras lorem lorem, luctus ut, pellentesque eget, dictum",10,$99.01,EKG84CTH4LB
Zelda Herring,1-871-462-5219,sed.dui.fusce@protonmail.ca,9230 Facilisis Av.,13,Pakistan,Dōngběi,Q6 4LL,"et, euismod et, commodo at, libero. Morbi accumsan laoreet ipsum.",5,$43.14,QVK74IAZ6ET
Jennifer Lawson,1-121-207-5127,euismod.est@protonmail.edu,"P.O. Box 289, 4847 Tincidunt, Rd.",3,Costa Rica,Đồng Tháp,U9F 7IY,"Aenean egestas hendrerit neque. In ornare sagittis felis. Donec tempor,",6,$28.24,JDH18WVU4MV
Paloma Combs,(263) 834-0983,eu.turpis@outlook.couk,Ap #263-6422 Luctus Rd.,9,Germany,Victoria,9412,eleifend. Cras sed leo. Cras vehicula aliquet libero. Integer in,6,$27.42,SVE03RTL7HT
Akeem Walter,1-273-945-1584,justo.eu@icloud.net,977-9139 Sed Rd.,13,Austria,Xīběi,5651,"et risus. Quisque libero lacus, varius et, euismod et, commodo",1,$97.69,MYN43KPB7WI
Cole Davenport,1-318-726-3326,etiam.ligula@protonmail.ca,4720 Dui Rd.,3,United Kingdom,Chernihiv oblast,65177-022,"ante. Nunc mauris sapien, cursus in, hendrerit consectetuer, cursus et,",7,$7.32,LYY68TDX9SH
Dexter Lancaster,(754) 271-2616,faucibus.leo@yahoo.net,Ap #608-3640 Natoque Avenue,15,Singapore,Puno,453890,arcu ac orci. Ut semper pretium neque. Morbi quis urna.,7,$86.69,NGS41WMQ3HO
Oleg Petty,(688) 185-6466,nisi.aenean@outlook.org,429-606 Fringilla St.,5,Austria,Magdalena,40055,lacus. Aliquam rutrum lorem ac risus. Morbi metus. Vivamus euismod,9,$59.22,XOT47KMY7IL
Imelda Bell,1-693-232-7418,tellus.suspendisse@aol.edu,4387 In Ave,1,Indonesia,Cagayan Valley,44386,"Integer in magna. Phasellus dolor elit, pellentesque a, facilisis non,",7,$53.54,KPH85TRF1OD
Logan Mayo,(468) 497-6056,posuere.enim.nisl@icloud.net,923-726 Duis Street,13,Costa Rica,Imo,34737,"blandit enim consequat purus. Maecenas libero est, congue a, aliquet",10,$87.32,SOF30CFB9DX
Kiayada Medina,(784) 584-2488,scelerisque.lorem@google.couk,602-5502 Malesuada Avenue,9,China,Xīnán,34627,vitae aliquam eros turpis non enim. Mauris quis turpis vitae,9,$12.66,RZM24AGP8FG
Harlan Taylor,1-934-987-0892,donec.non@outlook.org,418-1381 Sed Street,19,Canada,Kirkcudbrightshire,8499,"consectetuer mauris id sapien. Cras dolor dolor, tempus non, lacinia",6,$61.65,MXR16LYS7RO
Adam Campbell,(676) 820-2732,ultricies@icloud.couk,"P.O. Box 615, 5655 Ultricies Av.",15,South Africa,Rheinland-Pfalz,312554,"lorem ut aliquam iaculis, lacus pede sagittis augue, eu tempor",9,$84.53,JEU27EMD3TO
Mercedes Bean,1-667-566-2518,malesuada@hotmail.couk,4074 Mattis. Rd.,1,China,Western Cape,22649,"non, dapibus rutrum, justo. Praesent luctus. Curabitur egestas nunc sed",4,$73.47,MUV96FXC9DG
Kameko Bonner,(682) 743-3654,diam.eu@yahoo.couk,"550-6422 Sed, Rd.",13,Belgium,North Island,457226,"sed pede nec ante blandit viverra. Donec tempus, lorem fringilla",4,$66.69,ROE77HAB4KI
Hyatt Flynn,1-571-859-0265,vestibulum.nec@outlook.edu,479-247 Magna. St.,9,Pakistan,East Java,761296,magna. Duis dignissim tempor arcu. Vestibulum ut eros non enim,8,$26.84,KVS55IPA7GS
Caleb Pacheco,1-815-475-3531,tristique.senectus.et@icloud.net,Ap #364-6237 Proin Rd.,1,Peru,Tyrol,541816,Suspendisse eleifend. Cras sed leo. Cras vehicula aliquet libero. Integer,2,$9.70,HCK56ZLB0MW
Tate Grimes,(753) 423-1820,fermentum.convallis@hotmail.net,970-1659 Neque. Avenue,17,France,Querétaro,57886-22358,in felis. Nulla tempor augue ac ipsum. Phasellus vitae mauris,1,$1.10,EIF87CJL5EQ
Bernard Hoover,(393) 517-6916,magna@google.com,650-167 Dolor Av.,17,Chile,Dunbartonshire,78822,"augue eu tellus. Phasellus elit pede, malesuada vel, venenatis vel,",8,$76.56,BTK64BAH6XD
Wynter Myers,(821) 938-4858,magna.lorem@yahoo.org,Ap #248-5874 Adipiscing Ave,13,United States,Dalarnas län,13457,facilisi. Sed neque. Sed eget lacus. Mauris non dui nec,5,$38.89,JBM66INL4XL
Jescie Christian,1-769-259-7644,aliquam.nisl@outlook.ca,Ap #898-1918 Metus St.,7,Turkey,Lower Austria,40785,"elementum, dui quis accumsan convallis, ante lectus convallis est, vitae",6,$13.63,VJJ13XKP8VW
Genevieve Duran,1-475-325-7358,tempor.diam@yahoo.net,Ap #574-3220 Aliquam Ave,9,Germany,Xīběi,343852,et netus et malesuada fames ac turpis egestas. Aliquam fringilla,6,$71.27,KGN97OOK3FE
Zachary Hampton,1-396-188-7237,lorem.vehicula@hotmail.edu,"P.O. Box 841, 9137 Elit. Road",15,India,Pomorskie,3490,"eget tincidunt dui augue eu tellus. Phasellus elit pede, malesuada",9,$38.29,RIU67KXR6WG
Donovan Figueroa,(635) 738-5845,eu.elit@google.org,Ap #179-7717 Lectus. Ave,3,South Korea,Buckinghamshire,44-884,scelerisque scelerisque dui. Suspendisse ac metus vitae velit egestas lacinia.,9,$8.79,ZRP61NCV1CR
Kelsey Adams,1-361-355-6634,cursus.non@google.ca,9676 Ipsum Avenue,7,Nigeria,Northwest Territories,27138,sagittis. Duis gravida. Praesent eu nulla at sem molestie sodales.,7,$3.13,URF88DPI5QE
Garrison Jennings,(773) 115-3842,mauris@protonmail.org,617-3230 Volutpat. Rd.,5,Canada,Cauca,6217-7149,"Nunc lectus pede, ultrices a, auctor non, feugiat nec, diam.",3,$35.23,JSN68RCW2NU
Yoshio Miles,(283) 306-3761,adipiscing.enim@protonmail.net,Ap #125-4404 Velit St.,11,Italy,South Sumatra,351467,"imperdiet dictum magna. Ut tincidunt orci quis lectus. Nullam suscipit,",1,$10.98,GJS75MWY5KR
Oprah Raymond,(765) 762-8018,at.pede@protonmail.net,"7615 Orci, Road",1,Canada,Brussels Hoofdstedelijk Gewest,924445,"sed dictum eleifend, nunc risus varius orci, in consequat enim",5,$2.05,XSQ33LGW3FV
Brody Mcmahon,(837) 499-6265,hendrerit.id@icloud.org,"Ap #586-6014 Eu, St.",5,Chile,Veneto,7217,"orci lacus vestibulum lorem, sit amet ultricies sem magna nec",9,$26.08,QXD46IED6JN
Aidan Raymond,(378) 784-0236,neque@aol.ca,"583-7317 Sed, Rd.",15,Ukraine,Ohio,69970,luctus lobortis. Class aptent taciti sociosqu ad litora torquent per,9,$89.23,IIY98MOX9EJ
Hashim Summers,1-667-476-0666,sed.turpis@yahoo.com,6143 Amet Ave,13,Peru,Lubuskie,466211,"ac sem ut dolor dapibus gravida. Aliquam tincidunt, nunc ac",4,$27.12,QCT22EZF4CI
Lesley Savage,(555) 669-9235,semper.nam.tempor@google.ca,294 Neque Road,19,South Africa,North Island,92360-272,"Morbi neque tellus, imperdiet non, vestibulum nec, euismod in, dolor.",3,$16.39,RHE73EBL1QB
Carolyn Yates,(976) 766-1107,lobortis.mauris@hotmail.org,693-5862 Luctus Avenue,7,China,Podkarpackie,334667,nisi. Mauris nulla. Integer urna. Vivamus molestie dapibus ligula. Aliquam,7,$70.45,RGE23CLF7QF
Kirsten Simon,1-592-444-4676,donec.non@yahoo.org,Ap #727-8716 Ante Av.,1,Philippines,Meta,62-22,Nam ac nulla. In tincidunt congue turpis. In condimentum. Donec,10,$97.18,WPI30BIE2OW
Merritt Dillard,1-867-933-2781,tellus.sem@yahoo.org,"Ap #845-1852 Elit, Rd.",17,Mexico,Cajamarca,345471,"lorem fringilla ornare placerat, orci lacus vestibulum lorem, sit amet",7,$85.57,LTK85OYF3HE
Isabella Martinez,(292) 448-2884,urna.vivamus@protonmail.org,Ap #947-2546 Justo Ave,5,Philippines,Bahia,SU7 8CL,rutrum lorem ac risus. Morbi metus. Vivamus euismod urna. Nullam,3,$77.51,POM90MXG4EK
Sacha Lindsey,(529) 964-2924,facilisis.non@hotmail.ca,821-9456 Duis Street,1,Philippines,Ontario,4424,"fermentum risus, at fringilla purus mauris a nunc. In at",3,$46.29,KFX17TKW7ZH
Denise Gentry,1-934-277-8297,auctor.velit.aliquam@icloud.com,Ap #708-7802 Aenean Rd.,1,Peru,Bursa,4187,ipsum. Phasellus vitae mauris sit amet lorem semper auctor. Mauris,9,$42.55,FXD43FLT6UI
Brianna Vargas,1-267-316-6639,adipiscing.lobortis@yahoo.couk,"P.O. Box 336, 9667 Quisque Rd.",5,Spain,Ternopil oblast,169528,fringilla purus mauris a nunc. In at pede. Cras vulputate,7,$72.89,VFM74CIW4TM
Lester Flowers,1-682-742-4082,aliquet.vel.vulputate@yahoo.com,Ap #814-872 Ridiculus Ave,15,Sweden,Tabasco,724533,nisl. Quisque fringilla euismod enim. Etiam gravida molestie arcu. Sed,7,$44.07,FRS52AWL7ZT
Beau Kinney,1-295-739-7571,dolor.sit@outlook.org,"P.O. Box 246, 9165 Cursus. Ave",15,Pakistan,Huádōng,72865,Quisque fringilla euismod enim. Etiam gravida molestie arcu. Sed eu,5,$23.02,GDG36XHX8DY
Suki Brock,(461) 293-7123,tincidunt@outlook.edu,520-9662 Fames St.,15,Austria,Central Region,2824-8362,"sed pede nec ante blandit viverra. Donec tempus, lorem fringilla",2,$61.39,REP56PJL0LJ
Karina Best,(234) 864-4484,sem.pellentesque@google.org,305-2835 Curabitur Ave,1,Brazil,West Java,2384,adipiscing lacus. Ut nec urna et arcu imperdiet ullamcorper. Duis,7,$44.06,KNM69GES8RM
Marah Melendez,1-548-260-7934,est.tempor@yahoo.com,1761 Nulla Street,3,Peru,łódzkie,83-48,vitae risus. Duis a mi fringilla mi lacinia mattis. Integer,0,$68.31,WYT27OVW1VA
MacKensie Wilkins,(703) 730-1082,vitae.mauris@yahoo.org,Ap #199-9616 Mauris Road,17,Colombia,Free State,15670-69882,"elit, pretium et, rutrum non, hendrerit id, ante. Nunc mauris",0,$10.92,LGY73KPM6QT
Jasper Willis,1-726-778-6085,nunc.in@outlook.edu,Ap #537-5284 Tristique Street,1,United Kingdom,Australian Capital Territory,81-564,"orci quis lectus. Nullam suscipit, est ac facilisis facilisis, magna",9,$13.16,XXI52PFC3WV
Devin Cunningham,(443) 641-3638,morbi.metus@aol.couk,Ap #623-1085 Tempor Rd.,15,Belgium,Luxemburg,E5G 7JW,"varius ultrices, mauris ipsum porta elit, a feugiat tellus lorem",8,$98.46,BQM62OXT8SN
Kasimir Michael,1-685-930-6327,dictum@hotmail.edu,"P.O. Box 728, 9788 Tristique St.",19,Vietnam,Puebla,4468,commodo auctor velit. Aliquam nisl. Nulla eu neque pellentesque massa,1,$69.04,TDJ41KQB1QX
Lionel Lawson,1-631-678-0852,imperdiet@yahoo.edu,589-3096 Augue Rd.,7,Netherlands,Lorraine,5139,"gravida non, sollicitudin a, malesuada id, erat. Etiam vestibulum massa",7,$47.78,MRE06RHZ8KX
Kelsie James,1-422-784-0841,penatibus.et.magnis@hotmail.org,178-4427 Accumsan Road,7,Turkey,Western Australia,496038,ipsum. Suspendisse sagittis. Nullam vitae diam. Proin dolor. Nulla semper,3,$6.99,TON23OXK6MP
Claudia Bean,1-173-421-4846,rutrum.fusce@protonmail.couk,Ap #986-8142 Metus. Rd.,17,Pakistan,Yukon,73-605,Etiam bibendum fermentum metus. Aenean sed pede nec ante blandit,9,$98.15,UWZ58DRT5CI
Ivory Gallegos,(868) 574-5121,dictum.eu@yahoo.ca,Ap #977-7970 Ultrices. Rd.,19,Netherlands,North-East Region,84452,"ut dolor dapibus gravida. Aliquam tincidunt, nunc ac mattis ornare,",5,$51.65,DZY93BWP8UI
Velma Russo,(971) 899-4655,morbi.non.sapien@outlook.edu,5160 Nullam Road,11,Singapore,Vestland,06-369,eu nibh vulputate mauris sagittis placerat. Cras dictum ultricies ligula.,7,$35.77,PSO28RUR4QV
Nehru Cortez,(537) 296-5980,at.velit@outlook.couk,"P.O. Box 766, 7332 Et St.",1,Russian Federation,Manitoba,4663,pede blandit congue. In scelerisque scelerisque dui. Suspendisse ac metus,7,$26.58,JLX68TEO8NE
Holly Nixon,1-212-883-8914,eu.tempor.erat@outlook.edu,Ap #744-440 Adipiscing Rd.,9,South Korea,Waals-Brabant,56261,in felis. Nulla tempor augue ac ipsum. Phasellus vitae mauris,9,$29.88,PYN46OBQ0KH
Tatyana Peck,(707) 336-3958,non@aol.edu,Ap #264-196 Eu Rd.,1,Philippines,Kahramanmaraş,72468,gravida. Praesent eu nulla at sem molestie sodales. Mauris blandit,4,$67.19,GWM30RGD3YN
Alfreda Dalton,(640) 634-1117,neque.sed.sem@protonmail.org,445-7476 Varius Street,17,Norway,Sindh,81-166,"quis massa. Mauris vestibulum, neque sed dictum eleifend, nunc risus",6,$49.44,QNI92YGU2PW
Kirk Bonner,(671) 828-6179,eu@icloud.org,Ap #816-9598 In Ave,3,Costa Rica,Salzburg,6707 RH,neque. Nullam ut nisi a odio semper cursus. Integer mollis.,1,$21.49,QMA66GPI6SS
Logan Francis,1-481-261-4104,velit.eu.sem@hotmail.ca,251-3070 Dolor Road,9,Austria,Guanajuato,55402-25523,"urna justo faucibus lectus, a sollicitudin orci sem eget massa.",4,$17.48,GKL75SGA2CA
Justin Wyatt,1-222-537-4094,a.odio.semper@aol.ca,980-7862 Arcu. Ave,7,Poland,Zhōngnán,46188,"suscipit, est ac facilisis facilisis, magna tellus faucibus leo, in",7,$57.02,XNO11EDE3QP
Baxter Moss,(401) 727-5818,quisque@hotmail.org,776-2484 Donec Av.,11,Norway,Pembrokeshire,686847,"dolor sit amet, consectetuer adipiscing elit. Aliquam auctor, velit eget",5,$28.75,WSX41ECC8GB
Whitney Chase,(686) 317-4569,consequat.enim@protonmail.edu,"655-9910 At, St.",19,Brazil,Vaupés,20016,"Curabitur ut odio vel est tempor bibendum. Donec felis orci,",2,$31.79,WHP83RTF3TV
Lacota Rios,1-812-767-1563,amet.nulla@protonmail.couk,Ap #182-5709 Pede Road,11,Mexico,Jalisco,668644,Integer tincidunt aliquam arcu. Aliquam ultrices iaculis odio. Nam interdum,7,$68.11,YWU83XUP3VJ
Ursula Shaw,(737) 758-7844,massa@hotmail.ca,"P.O. Box 576, 7089 Dolor Rd.",9,Ukraine,Guanacaste,7809 QP,"eleifend vitae, erat. Vivamus nisi. Mauris nulla. Integer urna. Vivamus",8,$32.98,BEV28WBD8GQ
Nerea Lester,1-213-851-1225,eget.magna.suspendisse@hotmail.couk,"P.O. Box 733, 7676 Tristique Avenue",1,Austria,Chernihiv oblast,86607,orci. Phasellus dapibus quam quis diam. Pellentesque habitant morbi tristique,2,$29.15,SJV76DRH7DV
Cameron Nguyen,(227) 289-1211,nullam.enim.sed@hotmail.edu,1810 Rutrum Avenue,9,Costa Rica,East Region,864544,"cursus, diam at pretium aliquet, metus urna convallis erat, eget",4,$44.75,KRB28XQG6EM
Virginia Wilkins,1-373-572-7808,non.hendrerit@protonmail.net,Ap #172-4737 Donec Ave,1,France,Eastern Cape,415711,"pede et risus. Quisque libero lacus, varius et, euismod et,",1,$71.67,EEE47WWV5DP
Leonard Petty,(929) 133-4776,malesuada@google.com,Ap #255-7213 Tincidunt St.,9,Sweden,Zhōngnán,36547,"lacinia mattis. Integer eu lacus. Quisque imperdiet, erat nonummy ultricies",9,$63.45,ILJ76GIO1NF
Ina Malone,(579) 165-5429,nibh.phasellus@aol.ca,Ap #386-9833 Eros Road,9,China,Sevastopol City,38536,"placerat eget, venenatis a, magna. Lorem ipsum dolor sit amet,",5,$78.12,HKE25ETU3HS
Walker Cross,1-712-391-7584,vivamus@google.ca,263-2162 Egestas Avenue,1,United States,Valle d'Aosta,78344,"diam at pretium aliquet, metus urna convallis erat, eget tincidunt",3,$79.64,LTO03VDQ4RG
Noah Buck,(336) 472-6707,nec.urna.suscipit@google.edu,9762 Erat Ave,19,India,Bahia,77378,mauris sagittis placerat. Cras dictum ultricies ligula. Nullam enim. Sed,7,$18.20,BKM44FXQ7LL
Delilah Dean,1-584-787-2128,libero.est@hotmail.com,"457-9859 Eu, Avenue",7,Singapore,Sląskie,8480,"vulputate, risus a ultricies adipiscing, enim mi tempor lorem, eget",10,$39.19,YEY82QNQ0PK
Libby Walker,1-641-301-9002,netus.et@hotmail.org,Ap #300-270 Diam. Rd.,3,Spain,Lai Châu,3788-3461,"neque. In ornare sagittis felis. Donec tempor, est ac mattis",1,$22.48,ITD25TMP8GY
Paki Walls,1-425-864-8462,suspendisse.tristique@icloud.net,Ap #278-8511 Sollicitudin Road,9,Vietnam,Innlandet,35501,nascetur ridiculus mus. Aenean eget magna. Suspendisse tristique neque venenatis,5,$41.03,UTH60PXJ0NS
Garth Gates,(554) 246-4277,eget.mollis@protonmail.ca,Ap #638-3976 Donec St.,5,Vietnam,Gilgit Baltistan,135283,erat. Etiam vestibulum massa rutrum magna. Cras convallis convallis dolor.,9,$86.17,CQB28YJR9KD
Hyatt Beck,(872) 629-5744,at.velit@outlook.edu,9496 Eros Avenue,3,Netherlands,Central Kalimantan,985727,luctus felis purus ac tellus. Suspendisse sed dolor. Fusce mi,6,$24.67,ZAM14IYF2DE
Wilma Webster,(843) 484-7664,nunc.nulla@outlook.couk,529-6206 Odio. Av.,5,Chile,Friuli-Venezia Giulia,98277,nunc. In at pede. Cras vulputate velit eu sem. Pellentesque,2,$20.02,UNW56OXK2SV
Yael Walter,(637) 556-3740,volutpat.nulla@outlook.edu,Ap #871-5526 Nibh Ave,15,South Africa,Florida,36684,"Suspendisse ac metus vitae velit egestas lacinia. Sed congue, elit",3,$88.23,RSR63NOH7CX
Rudyard Blackwell,(376) 595-3135,cursus@outlook.couk,"546-8186 Amet, Rd.",1,Ireland,Rivne oblast,217233,mollis. Integer tincidunt aliquam arcu. Aliquam ultrices iaculis odio. Nam,4,$0.81,PXK76ABL4GT
Maile Dunn,1-415-689-4388,magna.cras@hotmail.edu,1201 Mi Road,11,Ireland,Atacama,2288,"orci lobortis augue scelerisque mollis. Phasellus libero mauris, aliquam eu,",8,$11.49,TPR43WBQ6GY
Reagan Key,1-866-675-6145,nulla.integer.urna@outlook.couk,"P.O. Box 801, 559 Mattis. Rd.",17,Spain,Rio de Janeiro,485557,mus. Donec dignissim magna a tortor. Nunc commodo auctor velit.,8,$35.50,BLR52MHW5ZV
Scarlett Shaw,(205) 887-4512,sem@hotmail.couk,670-3167 Sed Rd.,15,Canada,Kaduna,3386,"eget varius ultrices, mauris ipsum porta elit, a feugiat tellus",6,$96.62,DMC51AUK3OR
Ian Lopez,(306) 752-4574,nulla@yahoo.edu,268-7744 Porttitor Rd.,15,Australia,Provence-Alpes-Côte d'Azur,30278,mauris a nunc. In at pede. Cras vulputate velit eu,3,$58.74,CFU61OWF2VD
Perry Gaines,(667) 298-9752,egestas.a.scelerisque@outlook.org,Ap #632-6215 Adipiscing Rd.,15,Brazil,South Island,8265,ullamcorper magna. Sed eu eros. Nam consequat dolor vitae dolor.,9,$34.91,YSB48SWD2CI
Jolene Sellers,1-256-287-1544,auctor.quis@protonmail.edu,968-4719 Ut Rd.,17,New Zealand,Balochistan,13225,"nisi sem semper erat, in consectetuer ipsum nunc id enim.",10,$26.28,QJR91EGE7CU
Olga Atkinson,(453) 804-8914,odio.nam@aol.couk,920-9433 Eleifend Street,3,Singapore,Hawaii,265489,Duis a mi fringilla mi lacinia mattis. Integer eu lacus.,3,$92.00,EJW60IUU8MQ
Beau Bennett,1-668-762-2071,sed.hendrerit.a@outlook.couk,Ap #585-4073 Erat. Road,11,South Africa,Gauteng,944548,Nulla semper tellus id nunc interdum feugiat. Sed nec metus,1,$29.58,ZNY55ROV8JL
Meredith Henderson,(274) 364-8282,mauris.erat@outlook.net,202-5956 Velit Rd.,9,Pakistan,Merionethshire,5382,"sociis natoque penatibus et magnis dis parturient montes, nascetur ridiculus",2,$49.08,LVU36PFO5FU
Galvin Cabrera,(788) 714-6413,iaculis@hotmail.edu,"P.O. Box 597, 660 A, Ave",19,Costa Rica,Punjab,T1E 4K1,"Mauris molestie pharetra nibh. Aliquam ornare, libero at auctor ullamcorper,",7,$32.23,AXD33MPK6SW
Violet Mcconnell,1-424-441-2897,penatibus.et.magnis@outlook.net,Ap #770-3580 Tristique Av.,9,Ireland,Suffolk,2226,arcu ac orci. Ut semper pretium neque. Morbi quis urna.,6,$82.24,PHL27ZKL9XQ
Driscoll Waters,(527) 123-0827,venenatis.a@outlook.org,973-5066 Ligula Rd.,5,Norway,South Island,7818,"bibendum. Donec felis orci, adipiscing non, luctus sit amet, faucibus",9,$53.95,SFP70YCB1EV
Louis Welch,1-164-427-8469,lacus.mauris.non@icloud.couk,Ap #649-5286 Mi Road,9,Netherlands,KwaZulu-Natal,60741,"Integer in magna. Phasellus dolor elit, pellentesque a, facilisis non,",0,$36.11,WZF34RNQ8WY
Charles Strickland,1-268-725-3765,integer@google.couk,303-958 Nisi Road,17,Italy,Dadra and Nagar Haveli,25636,egestas. Fusce aliquet magna a neque. Nullam ut nisi a,9,$58.58,BNN10CVQ5LS
Prescott Collier,1-658-633-6868,vivamus.nibh@yahoo.ca,4443 Venenatis Street,13,Sweden,Connacht,646625,"ligula tortor, dictum eu, placerat eget, venenatis a, magna. Lorem",2,$26.61,SGL85XRM4TV
Melinda Sherman,(575) 808-7855,tristique.pharetra@yahoo.net,761-6615 Massa Avenue,1,Germany,Stockholms län,S4I 3MQ,"nunc ac mattis ornare, lectus ante dictum mi, ac mattis",4,$70.25,NIK64KVU7NA
Hunter Mason,1-501-576-8340,luctus@icloud.edu,738-136 Gravida Ave,1,Netherlands,Pembrokeshire,4536,"ligula elit, pretium et, rutrum non, hendrerit id, ante. Nunc",1,$46.98,DTR29YZL1QT
Anika Riddle,1-892-283-7351,lectus.convallis.est@hotmail.com,"Ap #600-9918 Adipiscing, Rd.",13,Sweden,Vienna,40202,tincidunt vehicula risus. Nulla eget metus eu erat semper rutrum.,8,$45.78,SFL42EZI5NT
Phoebe Shields,(250) 211-7255,quis.tristique@outlook.couk,739-8449 Sapien. Ave,13,Belgium,Innlandet,509970,cubilia Curae Donec tincidunt. Donec vitae erat vel pede blandit,10,$51.14,TMO32HHR1VE
Idona Pace,(782) 683-5231,aenean.egestas.hendrerit@google.edu,Ap #655-3307 Nibh Ave,3,Mexico,North Island,12-110,interdum feugiat. Sed nec metus facilisis lorem tristique aliquet. Phasellus,3,$74.24,PPM43FXL7TM
Shaeleigh Aguilar,1-661-111-9954,ullamcorper.magna.sed@icloud.org,"P.O. Box 807, 6148 Purus St.",13,South Africa,North-East Region,345333,Fusce mollis. Duis sit amet diam eu dolor egestas rhoncus.,1,$47.22,XEQ62VHO2FS
Cynthia Guthrie,(896) 151-2498,at.pede@icloud.net,Ap #564-9972 Leo St.,15,France,Cartago,37561,"vitae, aliquet nec, imperdiet nec, leo. Morbi neque tellus, imperdiet",7,$45.92,WQT70RLX2IC
Winifred Zamora,1-721-824-5727,lectus.convallis.est@google.edu,1960 Nibh. Av.,15,Netherlands,Midi-Pyrénées,512427,condimentum. Donec at arcu. Vestibulum ante ipsum primis in faucibus,7,$59.33,HKY32TQC8MQ
Fitzgerald Gross,(521) 548-6366,ornare.lectus@yahoo.net,4153 Proin Av.,5,Nigeria,Ogun,886125,"a, arcu. Sed et libero. Proin mi. Aliquam gravida mauris",6,$31.08,LYL74BIA6EH
Isaiah Gardner,1-485-835-3503,molestie.arcu@protonmail.com,"P.O. Box 722, 4903 Ut, Rd.",9,United States,Haute-Normandie,32664,"lacinia mattis. Integer eu lacus. Quisque imperdiet, erat nonummy ultricies",2,$27.87,QBV07UYR3OD
Stella Dejesus,(582) 560-3282,libero.dui@protonmail.net,477-4344 Tincidunt Street,5,Norway,Merionethshire,6683,"Quisque imperdiet, erat nonummy ultricies ornare, elit elit fermentum risus,",4,$13.02,NUO27YCI0TJ
Conan Battle,(151) 510-6451,nullam.enim.sed@aol.net,7753 Euismod Avenue,15,Italy,Flevoland,5599,"mattis ornare, lectus ante dictum mi, ac mattis velit justo",5,$95.68,AYG73HCW2BV
Sophia Stephens,1-642-573-9472,convallis@hotmail.ca,"7246 Quis, Avenue",11,Netherlands,Gilgit Baltistan,65763-535,Quisque varius. Nam porttitor scelerisque neque. Nullam nisl. Maecenas malesuada,4,$87.86,UHX26JVV5EN
Naomi Dorsey,1-583-456-3437,accumsan.sed@protonmail.ca,777-4452 Sit Av.,7,United States,Waals-Brabant,40367,"faucibus lectus, a sollicitudin orci sem eget massa. Suspendisse eleifend.",2,$26.04,DJC93NGD7NS
Ian Molina,(611) 416-4938,sed.hendrerit@google.edu,299-7025 Ipsum. Av.,7,Turkey,Prince Edward Island,298374,"laoreet lectus quis massa. Mauris vestibulum, neque sed dictum eleifend,",1,$10.69,EPO26VQM8VN
Hayden Ortega,(432) 135-5525,et.netus@yahoo.couk,Ap #367-9536 Ornare St.,11,Brazil,New Brunswick,661711,"sed dolor. Fusce mi lorem, vehicula et, rutrum eu, ultrices",10,$44.27,IQG12RON3OW
Hasad Boone,1-776-946-2034,tempor.est@hotmail.ca,Ap #735-2483 Aliquam Street,3,France,Gävleborgs län,5277,"purus. Maecenas libero est, congue a, aliquet vel, vulputate eu,",5,$20.02,VCN26WNM4XW
Wylie Dillard,(476) 271-7882,tincidunt.donec.vitae@yahoo.com,962-9075 Placerat Street,5,Austria,Wielkopolskie,237656,"et magnis dis parturient montes, nascetur ridiculus mus. Donec dignissim",4,$34.49,OFL23QJV3YH
Zelda Contreras,(219) 354-0195,eu@protonmail.couk,"P.O. Box 714, 5318 Orci, St.",19,New Zealand,Guanajuato,7718,"vulputate, lacus. Cras interdum. Nunc sollicitudin commodo ipsum. Suspendisse non",3,$87.83,HHL94MWF7PU
Len Hardin,1-313-553-5582,nec.tempus@hotmail.com,"P.O. Box 518, 7336 Penatibus Ave",7,New Zealand,Swiętokrzyskie,81188-728,quis diam luctus lobortis. Class aptent taciti sociosqu ad litora,5,$77.57,DKN10SPC3XK
Moana Koch,1-627-717-6338,massa@protonmail.net,"P.O. Box 462, 5436 Sapien St.",7,Norway,Schleswig-Holstein,4615,magna. Cras convallis convallis dolor. Quisque tincidunt pede ac urna.,2,$28.69,NQL82HQI6HE
Zeus Johnson,(524) 461-7213,quam.curabitur@google.net,"P.O. Box 976, 6350 Dignissim Ave",13,India,Sachsen,4484-9441,"mi lacinia mattis. Integer eu lacus. Quisque imperdiet, erat nonummy",7,$98.43,GAP16IZW5DW
Jordan Mcneil,(443) 781-9303,lobortis.ultrices.vivamus@google.com,"P.O. Box 836, 8164 Sed Rd.",9,Sweden,North Region,24-685,pellentesque. Sed dictum. Proin eget odio. Aliquam vulputate ullamcorper magna.,9,$51.04,VIR55TUI8IE
Chadwick Horn,(740) 443-3158,nisi@aol.org,474-4182 Nulla Rd.,3,Spain,Tasmania,2263,"eu metus. In lorem. Donec elementum, lorem ut aliquam iaculis,",5,$19.75,FKV32FGS3GH
Zorita Bishop,1-347-956-8757,nec.metus@yahoo.couk,"P.O. Box 975, 4341 Cum Avenue",3,United States,Brandenburg,686482,"imperdiet dictum magna. Ut tincidunt orci quis lectus. Nullam suscipit,",0,$35.00,KJC03OCB5US
Geraldine Stevens,1-258-675-1568,nam.ligula@google.couk,Ap #532-4857 Ultrices Avenue,5,Russian Federation,North Gyeongsang,31867,"elit, a feugiat tellus lorem eu metus. In lorem. Donec",4,$74.05,QEH91FUG0TJ
Howard Floyd,1-755-831-5321,vel@icloud.ca,860-3359 Libero. St.,5,Vietnam,Upper Austria,56124,"Nulla eget metus eu erat semper rutrum. Fusce dolor quam,",1,$0.77,SSD64UVC6JO
Juliet Hancock,1-877-253-0336,pellentesque.eget@icloud.com,6072 Eros Street,3,Italy,Antwerpen,25413,sit amet massa. Quisque porttitor eros nec tellus. Nunc lectus,7,$16.70,CYP73DKH2NW
Lyle Calhoun,(973) 601-7664,id.blandit.at@icloud.net,5706 Dis St.,5,United Kingdom,Tennessee,40260,"quis, pede. Suspendisse dui. Fusce diam nunc, ullamcorper eu, euismod",7,$71.70,RBC87HYQ2WG
Maxine Whitfield,1-881-323-2832,ante.iaculis@icloud.ca,683-4854 Dolor St.,5,Singapore,Brandenburg,78883,Donec feugiat metus sit amet ante. Vivamus non lorem vitae,5,$68.92,YCL65JRZ5QQ
Grady Jefferson,(240) 667-4546,lorem.fringilla.ornare@yahoo.ca,"P.O. Box 664, 2656 Eget Ave",3,Russian Federation,Sokoto,5061,in consectetuer ipsum nunc id enim. Curabitur massa. Vestibulum accumsan,10,$75.11,DOF62IPW1PN
Lillith Berger,(535) 845-4912,tempor@google.ca,"P.O. Box 370, 7935 Convallis Rd.",11,Colombia,North Chungcheong,40-460,"blandit. Nam nulla magna, malesuada vel, convallis in, cursus et,",8,$78.14,LCY87FJY2CU
Carolyn Schroeder,1-758-941-5693,eu.metus@outlook.org,"P.O. Box 594, 5011 Ante. Av.",15,Spain,Noord Holland,306132,"nec ante. Maecenas mi felis, adipiscing fringilla, porttitor vulputate, posuere",7,$13.13,MCR71ODF5SD
Mary Morse,1-927-795-1133,ut.pharetra.sed@hotmail.ca,"603 Dolor, Av.",7,Chile,Bremen,43446,"orci tincidunt adipiscing. Mauris molestie pharetra nibh. Aliquam ornare, libero",3,$42.99,HHI45ZYK2DU
Zenia Stephens,(803) 781-2838,ut.pellentesque@protonmail.couk,2396 Pretium Rd.,3,Ireland,Hamburg,968843,"ipsum. Curabitur consequat, lectus sit amet luctus vulputate, nisi sem",3,$11.00,RNW86IMF2NY
Harper Cain,(466) 983-2560,purus.in@protonmail.ca,848-3543 Praesent Ave,7,Poland,São Paulo,04155,"eu dolor egestas rhoncus. Proin nisl sem, consequat nec, mollis",9,$27.24,MDH98YWZ8HC
Marcia Sherman,1-686-530-6894,donec.porttitor@aol.org,Ap #263-4650 Cursus Street,5,Indonesia,Alajuela,91523,"sodales nisi magna sed dui. Fusce aliquam, enim nec tempus",8,$99.97,RHB02AET5WB
Brock Kennedy,(338) 858-7648,non.hendrerit@hotmail.couk,Ap #973-1505 Ipsum Avenue,1,Chile,North Region,28-172,dignissim pharetra. Nam ac nulla. In tincidunt congue turpis. In,6,$10.35,HEF61NOL7VT
Noel Mckee,(765) 656-6710,nulla.integer@aol.net,Ap #429-9575 Proin Ave,3,Colombia,South Island,2206-2163,quam. Curabitur vel lectus. Cum sociis natoque penatibus et magnis,6,$74.31,RCE21KKX6GR
Avram Burke,1-411-727-8111,amet@outlook.org,180-6420 In Road,7,United Kingdom,Salzburg,646978,Mauris magna. Duis dignissim tempor arcu. Vestibulum ut eros non,0,$88.76,DND12GKB4JE
Britanni Bray,1-678-571-6612,tempor.erat@aol.couk,938-174 Turpis. Av.,7,India,Los Ríos,74754-885,"sagittis augue, eu tempor erat neque non quam. Pellentesque habitant",10,$92.92,MNO44BTF1YD
Kasimir Bullock,1-885-646-7044,sem.pellentesque.ut@aol.com,Ap #430-6057 Sollicitudin Avenue,17,Costa Rica,Georgia,85458,"posuere vulputate, lacus. Cras interdum. Nunc sollicitudin commodo ipsum. Suspendisse",6,$5.29,QTD18SOG2FL
Samson Steele,(787) 758-7956,et.risus@outlook.net,"P.O. Box 635, 4792 In, Rd.",5,United States,Hatay,623436,leo. Cras vehicula aliquet libero. Integer in magna. Phasellus dolor,7,$52.53,GAO48GUB3SU
Samson Holder,1-357-863-9117,vitae.aliquet.nec@yahoo.org,"3638 Dui, Rd.",13,France,Limpopo,94796,luctus et ultrices posuere cubilia Curae Phasellus ornare. Fusce mollis.,8,$62.38,LEE89QYY4VR
Wallace Gamble,(279) 898-4355,rutrum@hotmail.couk,9770 Et Av.,7,South Africa,Connacht,117356,"sed dui. Fusce aliquam, enim nec tempus scelerisque, lorem ipsum",4,$58.39,CLR49BCV1IX
Palmer Dunlap,1-215-541-0471,libero.proin@yahoo.edu,Ap #595-4508 Sociis Av.,3,Sweden,Tyumen Oblast,13846,"erat, eget tincidunt dui augue eu tellus. Phasellus elit pede,",9,$92.03,PIR55IUW2VC
Desirae Cline,(740) 593-5991,a.enim@hotmail.edu,"P.O. Box 274, 9585 Dui Rd.",9,India,Azad Kashmir,2612,"pede. Suspendisse dui. Fusce diam nunc, ullamcorper eu, euismod ac,",3,$95.26,VFK85VYX8HM
Kimberly Foreman,(409) 882-8349,a.dui@yahoo.couk,5778 Eu Rd.,15,New Zealand,Noord Brabant,441093,"egestas, urna justo faucibus lectus, a sollicitudin orci sem eget",9,$5.63,DHL33TDV9GT
Serena Everett,1-598-274-8603,mauris.aliquam@outlook.edu,7849 Nonummy Street,5,Peru,Ulster,19104-38093,"erat semper rutrum. Fusce dolor quam, elementum at, egestas a,",9,$47.52,JNV36BCG4VI
Norman Morales,1-378-833-8166,tincidunt.orci.quis@yahoo.edu,Ap #444-5142 Pede Av.,1,Costa Rica,Dalarnas län,5718,Maecenas malesuada fringilla est. Mauris eu turpis. Nulla aliquet. Proin,1,$92.14,VWU17UWL8MD
Seth Hardin,(674) 687-5833,interdum.nunc@protonmail.org,334-6770 In St.,9,Chile,Dolnośląskie,5748,massa. Vestibulum accumsan neque et nunc. Quisque ornare tortor at,8,$80.11,HOV12SKW4CQ
Austin Aguirre,(474) 421-7764,a@outlook.ca,963-1185 Sed Rd.,13,Nigeria,Goiás,6270,"Donec felis orci, adipiscing non, luctus sit amet, faucibus ut,",6,$4.53,VZR71SSX6FP
Helen Guerrero,1-854-881-8087,interdum@protonmail.org,9986 Fermentum Road,9,Philippines,Xīnán,15887,"eu metus. In lorem. Donec elementum, lorem ut aliquam iaculis,",7,$7.44,MXM88KOE9HH
Nathan Holcomb,1-790-280-9282,nec@outlook.net,"P.O. Box 226, 9428 Curae Avenue",17,United States,Ogun,846702,eu neque pellentesque massa lobortis ultrices. Vivamus rhoncus. Donec est.,7,$42.53,FSV18YWR3HS
Lana Myers,1-665-398-4153,nam.porttitor@outlook.org,790-1751 Imperdiet Street,17,Italy,Chernihiv oblast,2656,quam. Pellentesque habitant morbi tristique senectus et netus et malesuada,5,$24.83,OCX72SYO3SW
Willow Bell,(638) 678-7155,vel@protonmail.couk,123-579 A St.,13,Italy,Warmińsko-mazurskie,710777,"metus urna convallis erat, eget tincidunt dui augue eu tellus.",0,$28.41,AJK08ZVB7GV
Kuame Snyder,(403) 366-2725,morbi.tristique@google.edu,"751-1801 Amet, Rd.",15,Mexico,Cusco,3788,"erat semper rutrum. Fusce dolor quam, elementum at, egestas a,",1,$0.00,FPW65KJI3TC
Dana Bolton,1-615-516-7354,vestibulum.nec.euismod@hotmail.org,Ap #485-7560 Odio Rd.,15,China,Utrecht,29364,"ipsum. Curabitur consequat, lectus sit amet luctus vulputate, nisi sem",3,$69.01,PEF21FCC1DH
Rooney Rose,1-528-325-5974,tortor.nunc@yahoo.couk,"Ap #250-3248 Orci, Rd.",15,Austria,Dōngběi,83246-371,"adipiscing fringilla, porttitor vulputate, posuere vulputate, lacus. Cras interdum. Nunc",6,$65.69,KWL44JQQ7RT
Octavius Blackwell,(381) 823-7317,neque@aol.edu,6902 Dolor Avenue,1,Norway,Nebraska,242346,molestie tortor nibh sit amet orci. Ut sagittis lobortis mauris.,6,$5.64,NCD51HSE5AT
Ria Mcpherson,1-821-705-2027,nec.luctus.felis@aol.net,507-9296 Eu Av.,15,Brazil,North Island,6447,"venenatis a, magna. Lorem ipsum dolor sit amet, consectetuer adipiscing",5,$82.08,IBF12RWK2XB
Bryar Delaney,(825) 134-6356,adipiscing.lacus@aol.ca,Ap #746-9976 Adipiscing. Rd.,7,Austria,Jeju,504774,"diam nunc, ullamcorper eu, euismod ac, fermentum vel, mauris. Integer",6,$56.52,FYN03JTW9WV
Joelle Fry,(380) 337-7170,eu.euismod@hotmail.com,Ap #181-5327 Non Road,3,South Africa,Northern Territory,R0B 5L2,aliquet. Phasellus fermentum convallis ligula. Donec luctus aliquet odio. Etiam,6,$80.40,LUA09NOP3LU
Sonya Haley,(642) 421-7657,penatibus.et.magnis@outlook.net,Ap #630-1329 Tincidunt Avenue,1,Mexico,Vermont,2433,a felis ullamcorper viverra. Maecenas iaculis aliquet diam. Sed diam,1,$40.30,KEE37AEO5TF
Maxine Marshall,1-595-561-8116,dignissim.maecenas.ornare@protonmail.ca,504-5803 Aenean Rd.,5,Mexico,Limpopo,329121,congue. In scelerisque scelerisque dui. Suspendisse ac metus vitae velit,4,$93.20,NXK18AXP2VR
Adena Leon,1-627-927-3879,eu.turpis@aol.edu,"P.O. Box 786, 7581 Lobortis St.",11,Spain,Manipur,9936,sapien imperdiet ornare. In faucibus. Morbi vehicula. Pellentesque tincidunt tempus,3,$41.05,OAL20DVM7VU
Curran Chang,1-261-462-2935,vestibulum.massa@outlook.com,Ap #460-5531 Ligula. St.,3,Ukraine,Argyllshire,56094-23313,"ipsum. Curabitur consequat, lectus sit amet luctus vulputate, nisi sem",4,$76.57,ODX16LFC4CA
Yardley Price,(713) 542-6317,facilisi@aol.net,7547 Ligula. St.,11,Turkey,Huáběi,2136,"tincidunt, nunc ac mattis ornare, lectus ante dictum mi, ac",7,$79.12,NEB61OWQ6TP
Madeson Wilcox,1-434-250-9844,mi.aliquam@aol.edu,Ap #798-4873 Hendrerit. Av.,9,Norway,Alberta,8235,commodo auctor velit. Aliquam nisl. Nulla eu neque pellentesque massa,6,$22.21,YEV85VNY3XR
Sawyer Miles,(445) 314-7396,nam.ligula.elit@google.couk,Ap #301-8342 Condimentum Ave,9,Turkey,Lambayeque,6842,netus et malesuada fames ac turpis egestas. Aliquam fringilla cursus,3,$93.63,UYK62QKP4OU
Meghan Larsen,(255) 886-5888,fusce.mollis@aol.com,5398 Iaculis Rd.,7,Turkey,Madhya Pradesh,78-624,dignissim pharetra. Nam ac nulla. In tincidunt congue turpis. In,7,$3.64,FJJ36RRB1VT
Eaton Vance,1-865-456-0121,adipiscing.enim@protonmail.ca,Ap #653-3821 Nisi Rd.,11,Belgium,Huáběi,392471,"scelerisque mollis. Phasellus libero mauris, aliquam eu, accumsan sed, facilisis",8,$16.30,QIQ21DQE4RT
Iliana Sullivan,1-973-463-3192,aliquet.lobortis.nisi@protonmail.net,"P.O. Box 817, 2875 Tempor, Ave",7,Singapore,Northern Territory,27784,"elit fermentum risus, at fringilla purus mauris a nunc. In",2,$72.70,QGO16WAD5KS
Kareem Walton,(832) 483-8901,neque.vitae.semper@icloud.org,388-258 Nunc Street,1,Singapore,Burgenland,15272,aliquam eros turpis non enim. Mauris quis turpis vitae purus,3,$89.27,OSL18OOL3YP
Aaron Riley,(168) 558-8046,malesuada.fames@aol.ca,Ap #428-4354 Quam Street,1,Ukraine,Bryansk Oblast,32486,"consequat purus. Maecenas libero est, congue a, aliquet vel, vulputate",5,$70.72,VQF81JQB5ZJ
Alexander Cohen,(316) 403-9485,aenean.sed.pede@icloud.couk,"P.O. Box 710, 7095 Et, Avenue",17,New Zealand,Pays de la Loire,14752,"est tempor bibendum. Donec felis orci, adipiscing non, luctus sit",2,$72.43,DUD87ONQ8SX
Keane Sheppard,(481) 221-2485,quisque.fringilla@aol.net,Ap #319-1011 Tempor Av.,17,Ireland,South Australia,9674 UN,iaculis odio. Nam interdum enim non nisi. Aenean eget metus.,2,$75.29,EBW81WJS1RP
Charde Vargas,(485) 418-0365,urna.nunc.quis@protonmail.com,256-1219 Nisl Avenue,15,Colombia,Gelderland,T8E 8X2,"nulla. Integer vulputate, risus a ultricies adipiscing, enim mi tempor",7,$35.44,JSV53KQM1UC
Kevin Parks,1-605-716-2755,integer.mollis@protonmail.org,"348-1883 Nunc, St.",15,Netherlands,Risaralda,32552,lorem ac risus. Morbi metus. Vivamus euismod urna. Nullam lobortis,9,$95.08,IMC74EOX2CQ
Cameron Herring,(769) 682-0335,at.risus.nunc@outlook.net,526-2068 Varius St.,17,Nigeria,Ceuta,11048,"cursus in, hendrerit consectetuer, cursus et, magna. Praesent interdum ligula",6,$15.74,MNR15UDR8EP
Plato Soto,1-826-291-0537,et.rutrum.eu@hotmail.couk,693-9115 Scelerisque Road,7,Germany,Flevoland,626841,"ligula consectetuer rhoncus. Nullam velit dui, semper et, lacinia vitae,",6,$78.99,DPF13DCE3YU
James Strong,(368) 871-9656,sed@icloud.net,405-5223 Adipiscing Av.,13,Ukraine,Innlandet,1144 IB,"sem ut cursus luctus, ipsum leo elementum sem, vitae aliquam",2,$37.49,YBB79LVA9BV
Bernard Avila,(834) 212-4411,consequat.dolor@icloud.net,877-8269 Nascetur Rd.,15,United Kingdom,Champagne-Ardenne,984347,at sem molestie sodales. Mauris blandit enim consequat purus. Maecenas,7,$10.44,IHX33OGG5OM
Baker Crosby,1-846-557-8208,adipiscing.ligula.aenean@icloud.couk,Ap #702-5104 Convallis Av.,3,Norway,Ontario,7352,"dapibus gravida. Aliquam tincidunt, nunc ac mattis ornare, lectus ante",4,$34.93,ICL67LZY9RH
Kristen Lynch,(308) 479-8331,non.vestibulum@aol.net,"P.O. Box 827, 1294 Eget Road",3,Vietnam,North West,8127 YT,"nisi nibh lacinia orci, consectetuer euismod est arcu ac orci.",3,$9.03,SJI58KHV5QS
Joseph Butler,1-333-777-6666,suspendisse.aliquet.sem@protonmail.couk,5408 Metus Av.,19,Singapore,Vlaams-Brabant,16868,Curae Phasellus ornare. Fusce mollis. Duis sit amet diam eu,1,$21.14,HIM43CIO4TW
Quamar Santiago,(829) 271-5652,ligula.elit@protonmail.ca,Ap #482-304 Lacus. St.,9,Chile,Saarland,1284-3508,Quisque varius. Nam porttitor scelerisque neque. Nullam nisl. Maecenas malesuada,10,$59.28,CYU99JSI6EL
Ferris Dunlap,(253) 772-1411,ipsum.suspendisse.non@protonmail.com,Ap #473-5658 Nunc Ave,17,India,Xīnán,0426,lacus. Ut nec urna et arcu imperdiet ullamcorper. Duis at,5,$1.95,LTM61QDD3SJ
Otto Beck,1-961-220-2851,at.arcu.vestibulum@outlook.org,"Ap #754-942 Lorem, Av.",1,United States,Los Ríos,45758,"nec tempus scelerisque, lorem ipsum sodales purus, in molestie tortor",1,$51.43,JXU36RJU7PW
Maile Poole,1-368-548-4876,morbi.tristique.senectus@google.org,"P.O. Box 281, 5149 Vel Road",9,Costa Rica,North Island,345886,"risus. Quisque libero lacus, varius et, euismod et, commodo at,",8,$12.09,GMV16GHT3HV
Rhona Fernandez,1-843-449-4285,suspendisse.aliquet@yahoo.edu,Ap #263-349 Amet Av.,11,Singapore,Meghalaya,20104,nisi dictum augue malesuada malesuada. Integer id magna et ipsum,3,$16.55,LNV51EFT0CW
Duncan Gross,(371) 754-0203,fusce@google.edu,"P.O. Box 590, 4143 Mauris Street",19,Norway,Upper Austria,1148,quam vel sapien imperdiet ornare. In faucibus. Morbi vehicula. Pellentesque,10,$4.59,KVM42JJD5DV
Catherine Cummings,(786) 465-3235,facilisis.vitae@aol.net,"P.O. Box 503, 2276 Aliquam Rd.",3,Pakistan,Friesland,122265,"amet, dapibus id, blandit at, nisi. Cum sociis natoque penatibus",1,$74.75,EDN61TIQ6NJ
September Kramer,(281) 593-3058,aenean.eget@google.ca,Ap #276-4622 Eleifend Rd.,9,Chile,British Columbia,WK9M 7XT,"Donec tempus, lorem fringilla ornare placerat, orci lacus vestibulum lorem,",2,$15.09,ZUE82UBR6HS
Rose Bird,1-673-728-2655,sed.malesuada@icloud.org,826-563 Semper Street,15,Vietnam,Huila,76939,"libero. Morbi accumsan laoreet ipsum. Curabitur consequat, lectus sit amet",2,$74.29,SVI87PVY7WN
Eve Burris,(399) 792-2025,dis.parturient.montes@protonmail.com,8743 Phasellus Rd.,15,Ireland,Puglia,20414,Curabitur massa. Vestibulum accumsan neque et nunc. Quisque ornare tortor,8,$5.74,GCO52TGH8VD
Kane Diaz,1-935-747-7824,maecenas.libero@outlook.org,Ap #992-747 Pede Road,1,Costa Rica,Lincolnshire,0204 LX,consectetuer euismod est arcu ac orci. Ut semper pretium neque.,7,$84.31,LRL32FWH2RR
Patience Jefferson,(778) 784-6364,mauris.blandit@protonmail.com,172-5109 Litora Road,11,Ukraine,Upper Austria,86750,"pellentesque massa lobortis ultrices. Vivamus rhoncus. Donec est. Nunc ullamcorper,",6,$5.11,LIB70MSJ3YF
Lynn Cunningham,1-884-736-1233,enim.sit@google.net,5403 Proin Road,15,Ireland,East Region,2545,Donec fringilla. Donec feugiat metus sit amet ante. Vivamus non,5,$13.95,GWG38MKE6LS
Hayden Blackburn,(663) 832-1399,dignissim.tempor@icloud.net,253-7500 Hendrerit Rd.,3,Vietnam,Risaralda,68346,"elit fermentum risus, at fringilla purus mauris a nunc. In",2,$15.44,RRQ29WZM7WB
Nolan Johns,1-872-873-3325,dolor@hotmail.org,Ap #433-3169 Maecenas Av.,5,Indonesia,Akwa Ibom,24526,"pellentesque eget, dictum placerat, augue. Sed molestie. Sed id risus",0,$49.21,LBZ57GCC5ER
Kermit Eaton,1-808-322-8123,at.libero.morbi@protonmail.ca,329-6389 Congue St.,15,India,Tamaulipas,23341,"varius et, euismod et, commodo at, libero. Morbi accumsan laoreet",6,$12.37,VCL17KXG8MT
Byron Hicks,1-963-634-0928,eu.lacus@icloud.org,824-9650 Eu Road,7,Vietnam,Zuid Holland,784084,nisl. Nulla eu neque pellentesque massa lobortis ultrices. Vivamus rhoncus.,1,$60.39,USO85NCK4GC
Maisie Watts,1-810-279-5764,in.dolor.fusce@hotmail.edu,570-5388 Tellus Street,11,Canada,Rio Grande do Sul,587643,a nunc. In at pede. Cras vulputate velit eu sem.,9,$68.56,NQO61MCN7CK
Odysseus Petersen,(145) 316-6453,suspendisse.sed@icloud.org,Ap #511-1736 Dui Street,9,Pakistan,Điện Biên,243403,semper cursus. Integer mollis. Integer tincidunt aliquam arcu. Aliquam ultrices,8,$89.37,NKI75PCF5FS
Adrienne Keller,1-526-484-9771,elit.pede@yahoo.org,628-6441 Nunc. Rd.,3,Belgium,North Region,342746,magna. Suspendisse tristique neque venenatis lacus. Etiam bibendum fermentum metus.,3,$80.68,ANU40SQD8QF
Penelope Maddox,(729) 417-0172,ipsum@aol.net,251-6935 Urna. Av.,7,Poland,Dunbartonshire,64-284,adipiscing lacus. Ut nec urna et arcu imperdiet ullamcorper. Duis,3,$1.60,OJT51NGB4UK
Macon Caldwell,(526) 575-2441,vel@google.net,Ap #868-2545 Elit Avenue,1,Colombia,Gävleborgs län,41117,"fringilla, porttitor vulputate, posuere vulputate, lacus. Cras interdum. Nunc sollicitudin",5,$66.94,PIX07CEM4JV
Thomas Flynn,1-662-775-7451,non.enim.mauris@google.org,Ap #863-7069 Sollicitudin Av.,1,United Kingdom,Central Region,38887,Curabitur dictum. Phasellus in felis. Nulla tempor augue ac ipsum.,2,$84.47,LCM66DVH3MS
Berk Boyle,1-478-113-6256,augue.ut.lacus@outlook.com,6756 Semper Ave,15,Chile,Mexico City,2768,"faucibus id, libero. Donec consectetuer mauris id sapien. Cras dolor",9,$8.63,TGU66XYM6TQ
Sonia Simon,(880) 736-3051,sit.amet@protonmail.couk,696-2451 Erat Road,17,Brazil,North Island,6438,"consequat purus. Maecenas libero est, congue a, aliquet vel, vulputate",6,$69.02,RFW27UDZ1HE
Vernon Dudley,1-633-738-1803,eu.tellus@hotmail.com,839-4550 Cursus. St.,11,Germany,Podkarpackie,81914-75557,consequat dolor vitae dolor. Donec fringilla. Donec feugiat metus sit,6,$69.33,YNX83JYC5XH
Simone Stevens,1-817-340-9761,euismod.est@aol.edu,"P.O. Box 918, 7942 Semper Rd.",15,Australia,Ontario,1168,"tellus lorem eu metus. In lorem. Donec elementum, lorem ut",1,$19.55,EMJ25KAE2TR
Jonas Mcclain,(757) 457-2141,pede.nec@protonmail.ca,"P.O. Box 945, 957 Penatibus St.",19,Canada,Uttarakhand,471936,eu sem. Pellentesque ut ipsum ac mi eleifend egestas. Sed,2,$28.64,BCN21VCR0HK
Gareth James,1-371-806-0526,sodales.nisi@icloud.edu,3588 Quis St.,9,India,Northern Cape,4898,turpis. In condimentum. Donec at arcu. Vestibulum ante ipsum primis,10,$24.83,GCF47LYE4FQ
Harper Bridges,1-388-263-5257,adipiscing.elit@yahoo.edu,Ap #170-7089 Aliquet Ave,5,Russian Federation,Sachsen-Anhalt,37293,"dui augue eu tellus. Phasellus elit pede, malesuada vel, venenatis",2,$34.30,DCK41VRX6UD
Merrill Torres,(402) 761-2041,neque.et@google.com,"Ap #773-8969 Mauris, St.",1,Mexico,Rivne oblast,11526,"enim mi tempor lorem, eget mollis lectus pede et risus.",10,$56.48,WLH79SQJ5DL
Bertha Hurley,1-335-562-7352,luctus.ut@yahoo.com,Ap #747-267 Ut Ave,15,Italy,Northern Territory,91049-659,"sociis natoque penatibus et magnis dis parturient montes, nascetur ridiculus",6,$87.02,ODM39FQH2LZ
Ulric Rowland,(477) 877-5532,ultricies@icloud.org,Ap #149-8087 Sit St.,19,South Korea,Overijssel,25458-76365,"quis, tristique ac, eleifend vitae, erat. Vivamus nisi. Mauris nulla.",8,$23.46,FDK18NUH6WP
Renee Kerr,(637) 407-1818,eu@icloud.com,Ap #181-4216 Scelerisque Ave,13,Nigeria,Cantabria,10442,"mollis lectus pede et risus. Quisque libero lacus, varius et,",6,$45.28,VGW66VBO4US
Quentin Logan,(868) 824-5502,nisl@icloud.couk,681-212 Magna Ave,5,New Zealand,Cherkasy oblast,85982,ornare egestas ligula. Nullam feugiat placerat velit. Quisque varius. Nam,8,$53.28,IFG72SWV4UX
Graiden Stanley,(414) 477-8418,orci@aol.ca,Ap #880-5031 Ante Road,15,Poland,Munster,693029,Morbi non sapien molestie orci tincidunt adipiscing. Mauris molestie pharetra,4,$38.00,BKM35RDP8XU
Adele Morse,1-657-509-2346,aptent.taciti.sociosqu@outlook.couk,"P.O. Box 428, 7371 Diam Road",15,Sweden,Northern Cape,44857,"erat, eget tincidunt dui augue eu tellus. Phasellus elit pede,",5,$58.24,MFV84KIA4EX
Suki Conley,1-883-475-6543,duis@hotmail.ca,6743 Sit Ave,3,Austria,Sachsen,852246,Praesent eu nulla at sem molestie sodales. Mauris blandit enim,1,$56.97,NNG56VKE6BG
Barrett Arnold,(766) 752-6615,ac.tellus@aol.com,Ap #624-9881 Pellentesque Street,7,Sweden,Saskatchewan,027127,"volutpat ornare, facilisis eget, ipsum. Donec sollicitudin adipiscing ligula. Aenean",7,$7.56,HWJ15GWE4QP
Guinevere Thompson,(641) 925-4822,pharetra.nibh@outlook.net,615-6189 Fames Ave,3,Singapore,South Island,73989,Proin sed turpis nec mauris blandit mattis. Cras eget nisi,8,$72.65,QRI85ZHW9SB
Colton Haley,1-642-228-1540,feugiat.non@protonmail.couk,461-6723 Maecenas Road,7,Nigeria,Viken,34635-68168,tortor nibh sit amet orci. Ut sagittis lobortis mauris. Suspendisse,7,$49.52,MCY02NKZ1TH
Beatrice Jarvis,1-686-342-4745,nullam.enim.sed@yahoo.net,Ap #301-393 Donec Rd.,19,South Africa,Wielkopolskie,3437 SI,"parturient montes, nascetur ridiculus mus. Proin vel arcu eu odio",9,$82.82,ARB14WCJ7UO
Griffith Richards,(682) 523-1777,donec.elementum@hotmail.ca,960-4838 Donec Rd.,17,Ukraine,Arequipa,O0 1QD,interdum feugiat. Sed nec metus facilisis lorem tristique aliquet. Phasellus,6,$13.96,BEP84GLK2KM
Logan Newman,1-551-528-9412,at@protonmail.org,"P.O. Box 810, 5998 Urna. St.",5,Pakistan,Ulster,46876,massa. Vestibulum accumsan neque et nunc. Quisque ornare tortor at,9,$84.53,KOW81YTT1MJ
Rhona Doyle,1-887-324-3894,non.arcu@outlook.ca,"P.O. Box 917, 6353 Lacinia Street",17,United Kingdom,Bauchi,45514,"Nullam suscipit, est ac facilisis facilisis, magna tellus faucibus leo,",7,$77.08,JMQ51JCT3NY
Rosalyn Hobbs,1-545-230-7832,vitae.orci@yahoo.ca,Ap #197-2203 Vulputate Road,19,Indonesia,Khyber Pakhtoonkhwa,79477,"sagittis felis. Donec tempor, est ac mattis semper, dui lectus",6,$22.35,USO76XWW0FJ
Patricia Gray,1-387-756-1733,diam@protonmail.edu,247-1031 Dolor Av.,3,South Korea,Burgenland,693071,volutpat. Nulla dignissim. Maecenas ornare egestas ligula. Nullam feugiat placerat,9,$20.12,BSN20GHZ0WZ
Driscoll Buchanan,1-464-482-3383,sociis.natoque@hotmail.com,6725 Mus. Rd.,7,Ireland,Tyrol,45382,amet ornare lectus justo eu arcu. Morbi sit amet massa.,9,$30.85,REB58LZE0UP
Acton Mckenzie,1-673-688-1648,amet.risus@icloud.edu,Ap #452-9333 Habitant Road,7,Norway,Biobío,7151,"sed, hendrerit a, arcu. Sed et libero. Proin mi. Aliquam",6,$76.65,KPX48RMW1II
Perry Shepherd,1-548-683-4529,sit@hotmail.edu,Ap #617-6650 At Street,11,Netherlands,South Island,6872,"elementum sem, vitae aliquam eros turpis non enim. Mauris quis",3,$78.74,PXE57HTE8GL
Galvin Wright,(751) 440-0260,congue.turpis@yahoo.org,"P.O. Box 495, 6156 Nonummy Avenue",13,India,National Capital Region,398304,"lorem, eget mollis lectus pede et risus. Quisque libero lacus,",4,$64.04,USI75BOM2SB
Uriah Phillips,(470) 712-5247,euismod.urna@yahoo.org,Ap #730-4890 Adipiscing. Avenue,7,Singapore,Swiętokrzyskie,705733,"non, vestibulum nec, euismod in, dolor. Fusce feugiat. Lorem ipsum",8,$69.63,QOB74FTM1CY
Erin Merritt,1-963-643-4621,magnis.dis@google.com,"Ap #761-8975 In, Ave",13,South Africa,Burgenland,5503,"natoque penatibus et magnis dis parturient montes, nascetur ridiculus mus.",4,$83.46,ZUG86SWD1XJ
Keelie Daniel,(336) 127-8169,habitant.morbi@yahoo.net,Ap #243-3418 Blandit Road,1,Vietnam,Lai Châu,81680,"non, bibendum sed, est. Nunc laoreet lectus quis massa. Mauris",10,$56.41,VVG66UOM2SE
Lareina Sanford,(785) 974-3575,luctus.ut@google.couk,"P.O. Box 767, 1617 Gravida Rd.",19,Canada,Xīnán,97-25,"lobortis augue scelerisque mollis. Phasellus libero mauris, aliquam eu, accumsan",4,$87.49,OPU62MVO7UJ
Yen Barr,1-354-474-2842,nec.mauris.blandit@aol.org,618-2648 Nulla. Ave,9,Chile,Östergötlands län,73133,Quisque tincidunt pede ac urna. Ut tincidunt vehicula risus. Nulla,2,$93.29,IJM96QBZ5WT
Elliott Aguilar,(457) 334-7815,diam.duis.mi@aol.com,544-4422 Volutpat Rd.,1,Pakistan,Quebec,7124,ac nulla. In tincidunt congue turpis. In condimentum. Donec at,8,$58.67,OOL18JLE3PE
Heidi Abbott,(406) 682-4756,eget.ipsum.suspendisse@outlook.couk,"9105 Eu, Road",13,Peru,Puntarenas,93982,"facilisis vitae, orci. Phasellus dapibus quam quis diam. Pellentesque habitant",3,$81.95,SUL89UVV6EY
Kalia Newton,(781) 820-4975,vestibulum.neque.sed@google.edu,"P.O. Box 255, 5347 Et St.",19,Colombia,Gilgit Baltistan,629127,"iaculis quis, pede. Praesent eu dui. Cum sociis natoque penatibus",10,$10.86,OIN28TMI0NV
Kennedy Zimmerman,(659) 633-6006,vehicula@protonmail.org,Ap #610-4503 Vitae Ave,3,Sweden,Luik,81-236,Donec dignissim magna a tortor. Nunc commodo auctor velit. Aliquam,2,$32.80,HRF71FWL2JX
Grant Lynn,1-778-322-4248,placerat.eget@hotmail.edu,Ap #991-7964 Phasellus Rd.,1,Australia,Minas Gerais,27-74,"eleifend nec, malesuada ut, sem. Nulla interdum. Curabitur dictum. Phasellus",5,$81.13,NVE31WEU4AM
Giselle Michael,(544) 617-3654,facilisis.vitae.orci@yahoo.couk,326-5953 Consectetuer Rd.,7,Australia,North Jeolla,68569,"blandit enim consequat purus. Maecenas libero est, congue a, aliquet",5,$12.92,JRW81LDZ5TI
Ashton Craig,1-272-725-6743,sem.mollis@protonmail.org,316 Nec Rd.,11,Ukraine,Manisa,24725,"nunc nulla vulputate dui, nec tempus mauris erat eget ipsum.",3,$26.64,UDK44BFQ9YU
Isadora Walton,(461) 336-5632,id.enim@yahoo.couk,Ap #180-3110 Adipiscing Road,3,Austria,Limburg,5234,faucibus orci luctus et ultrices posuere cubilia Curae Phasellus ornare.,7,$90.88,RRR08LSE4PF
Iona Pate,1-934-679-8375,donec.est@icloud.org,736-2628 Sociis Street,5,Ireland,Oaxaca,841422,fringilla cursus purus. Nullam scelerisque neque sed sem egestas blandit.,8,$45.39,LTT67SUR8IS
Darius Potter,1-563-168-8631,nam.porttitor@icloud.couk,253-8683 Nascetur Street,15,China,Gelderland,412239,"enim consequat purus. Maecenas libero est, congue a, aliquet vel,",10,$88.69,GYW61RPH0GN
Brooke Carpenter,1-852-280-0424,at.pretium.aliquet@protonmail.com,183-3562 Imperdiet St.,5,South Korea,Huáběi,86181,enim. Etiam gravida molestie arcu. Sed eu nibh vulputate mauris,6,$99.72,PMW27DNA7PZ
Lareina Paul,1-871-203-5763,amet.dapibus@aol.couk,341-6708 Tellus Road,7,India,Overijssel,92439,"enim, condimentum eget, volutpat ornare, facilisis eget, ipsum. Donec sollicitudin",9,$22.84,CVJ72GLX2WT
Eve Mckay,1-375-127-4530,nec.ante@outlook.ca,"Ap #656-705 Ut, Road",13,Austria,Ontario,86798-654,"leo, in lobortis tellus justo sit amet nulla. Donec non",0,$90.68,LBY58XEP4CK
MacKenzie Sloan,1-601-744-3136,mauris.quis@google.ca,Ap #272-7039 Ac Rd.,19,Indonesia,Bicol Region,93775,sollicitudin orci sem eget massa. Suspendisse eleifend. Cras sed leo.,1,$71.83,QRG53CDC1MY
Dolan Schroeder,(770) 608-5397,imperdiet.ornare.in@google.couk,Ap #333-9690 Nunc Street,1,Indonesia,Västra Götalands län,6887,Integer urna. Vivamus molestie dapibus ligula. Aliquam erat volutpat. Nulla,0,$94.03,DRU60IKW6PS
Whitney Fields,1-633-249-7725,vitae.sodales@hotmail.org,"P.O. Box 665, 3302 Sed Street",17,Canada,Nord-Pas-de-Calais,17265,risus. Nulla eget metus eu erat semper rutrum. Fusce dolor,2,$92.07,NJW74VNI4LL
Kibo Sellers,(374) 764-3861,nunc@icloud.net,6100 Condimentum. Street,13,Nigeria,Gelderland,66556,"consectetuer mauris id sapien. Cras dolor dolor, tempus non, lacinia",4,$21.71,XMD46WQN6NC
Winter Mcdaniel,(148) 513-7738,commodo.ipsum.suspendisse@hotmail.org,Ap #528-261 Tincidunt Rd.,17,Germany,South Island,3341,Nam ac nulla. In tincidunt congue turpis. In condimentum. Donec,2,$21.41,RZU14MAH4PP
Gretchen Harris,1-328-552-6460,vitae.semper@hotmail.edu,Ap #640-1470 Facilisis Ave,3,United Kingdom,Central Region,J7 5RV,aliquet magna a neque. Nullam ut nisi a odio semper,8,$83.27,UIE26CAB6VF
Baxter House,1-223-516-4452,justo.proin@hotmail.ca,Ap #262-6370 Phasellus Rd.,3,Russian Federation,Northern Mindanao,844656,Suspendisse sagittis. Nullam vitae diam. Proin dolor. Nulla semper tellus,4,$81.31,AGS37XZZ5RC
Chester Beard,(531) 631-2145,a@icloud.couk,Ap #233-1493 Tristique Rd.,19,Indonesia,Henegouwen,8187 LL,eu nulla at sem molestie sodales. Mauris blandit enim consequat,5,$42.23,SPZ15WBQ2OX
Susan Walsh,1-766-110-7871,cras@outlook.couk,"P.O. Box 583, 845 Mattis Rd.",3,China,Lazio,8817,"Aliquam tincidunt, nunc ac mattis ornare, lectus ante dictum mi,",7,$88.13,TDI68TIV9OQ
Shaeleigh Carey,(137) 825-3665,libero.dui@outlook.net,Ap #297-4967 Mi St.,15,France,Soccsksargen,49443,Mauris quis turpis vitae purus gravida sagittis. Duis gravida. Praesent,4,$12.48,PNG32SUO5HU
Farrah Lindsey,(691) 387-7524,enim@google.edu,"P.O. Box 648, 1444 Ac Ave",7,Belgium,Minnesota,56490-19455,Pellentesque tincidunt tempus risus. Donec egestas. Duis ac arcu. Nunc,8,$74.01,GMJ83IDE5CW
Riley Graves,1-257-516-4941,sed.eget.lacus@outlook.ca,"Ap #858-5155 Lacus, Avenue",11,New Zealand,Quảng Nam,890932,"blandit viverra. Donec tempus, lorem fringilla ornare placerat, orci lacus",4,$28.82,DRW27VOL8XH
Clementine Todd,1-656-448-0347,mollis.dui@aol.ca,"P.O. Box 772, 8688 Bibendum St.",15,Singapore,West Papua,825031,Aenean eget magna. Suspendisse tristique neque venenatis lacus. Etiam bibendum,1,$22.52,FDH51DXE1OF
Solomon Hurley,(859) 313-6742,nunc.in.at@icloud.org,Ap #228-4561 Dui. Rd.,1,Singapore,Bayern,47847,Duis volutpat nunc sit amet metus. Aliquam erat volutpat. Nulla,0,$58.27,DRQ33RNX4QM
Nelle Buchanan,1-665-296-7857,felis.ullamcorper@google.edu,577-1486 Sem St.,9,Italy,Vorarlberg,Y9H 2H8,nonummy. Fusce fermentum fermentum arcu. Vestibulum ante ipsum primis in,8,$71.13,PMC14SDS4LG
Macy Bernard,(783) 732-2460,id@yahoo.edu,8016 Et Rd.,3,China,Bạc Liêu,152182,"aliquam, enim nec tempus scelerisque, lorem ipsum sodales purus, in",6,$46.42,RFJ23WOM1FG
Halee Alvarado,1-285-102-4514,elit.aliquam.auctor@hotmail.org,Ap #928-3913 In Rd.,19,Belgium,Kahramanmaraş,576327,"pharetra sed, hendrerit a, arcu. Sed et libero. Proin mi.",5,$38.78,DSQ27QGX7GI
Blake Gallagher,(485) 262-6246,eros.turpis@icloud.net,7214 Convallis St.,1,New Zealand,Hawaii,751022,mus. Aenean eget magna. Suspendisse tristique neque venenatis lacus. Etiam,2,$78.52,BNE19TST5WK
Hyacinth Gonzales,(619) 839-0712,nulla@aol.com,"Ap #985-9505 Auctor, Road",7,Poland,Osun,41767-351,"id, erat. Etiam vestibulum massa rutrum magna. Cras convallis convallis",3,$53.31,PBV46OSH2HV
Piper Moore,1-551-874-1760,ligula.tortor@icloud.ca,776-5461 Arcu. Avenue,11,Sweden,Rajasthan,40276,quis arcu vel quam dignissim pharetra. Nam ac nulla. In,5,$16.92,HCY97ZIE3VB
Audra Salas,(638) 611-5268,nunc.ac@icloud.org,"P.O. Box 727, 4749 Accumsan St.",15,South Korea,Oyo,53G 3N3,"quam, elementum at, egestas a, scelerisque sed, sapien. Nunc pulvinar",9,$69.69,HUB80PYB3BG
Shaeleigh Weiss,(647) 763-8567,odio.etiam@icloud.ca,Ap #204-1171 Sagittis. Av.,5,Singapore,Haute-Normandie,6508,"gravida sit amet, dapibus id, blandit at, nisi. Cum sociis",1,$53.11,MWO87NDI4UI
Jerome Burks,1-417-437-8851,praesent.luctus@yahoo.edu,"Ap #559-565 Dui, Av.",9,Sweden,Connacht,0562 SJ,Morbi non sapien molestie orci tincidunt adipiscing. Mauris molestie pharetra,10,$95.59,NPE90GCM2JO
Alfreda Chen,(566) 955-0365,interdum.nunc@icloud.edu,Ap #464-3154 Dui St.,5,Norway,Voronezh Oblast,S0R 7P6,"egestas lacinia. Sed congue, elit sed consequat auctor, nunc nulla",7,$3.84,FXX22QNF5KO
Henry Villarreal,(632) 332-1281,diam.vel@yahoo.org,Ap #778-1689 Eu Street,5,Colombia,Brandenburg,28573,Aliquam erat volutpat. Nulla facilisis. Suspendisse commodo tincidunt nibh. Phasellus,4,$49.88,MIK75FHW7NQ
Adam Haney,1-211-228-2895,nullam.scelerisque.neque@hotmail.ca,"P.O. Box 542, 2791 Ut Avenue",19,South Africa,Arica y Parinacota,8148,Nullam nisl. Maecenas malesuada fringilla est. Mauris eu turpis. Nulla,10,$45.99,NCF09KUE1SX
Herman Wilkins,1-610-593-2154,erat.vivamus@hotmail.couk,"823-7995 Vel, Avenue",15,Turkey,San Luis Potosí,09823,"justo faucibus lectus, a sollicitudin orci sem eget massa. Suspendisse",4,$51.33,BJV12EXE7UI
Kermit Short,1-614-702-0250,non.lacinia@yahoo.edu,"P.O. Box 863, 3555 Eu Av.",13,Poland,Kerala,87-65,facilisis lorem tristique aliquet. Phasellus fermentum convallis ligula. Donec luctus,8,$85.59,DRO64WPE3HX
Carlos Davidson,1-659-296-3891,elit.pellentesque@aol.ca,7149 Auctor. Rd.,17,Mexico,Bangsamoro,48347,"id, mollis nec, cursus a, enim. Suspendisse aliquet, sem ut",10,$14.61,KHJ60NAF8WI
Imelda Mullen,1-534-554-5651,ultrices.duis@protonmail.org,Ap #243-8034 Sed Rd.,1,Canada,Quebec,69617,"posuere at, velit. Cras lorem lorem, luctus ut, pellentesque eget,",6,$64.76,NMN34VEE5PF
Dai Ortega,(678) 888-5584,porttitor.interdum@yahoo.edu,969-8985 Ac Street,15,Ukraine,Vologda Oblast,553377,Pellentesque tincidunt tempus risus. Donec egestas. Duis ac arcu. Nunc,1,$62.01,PBH35FZC1OU
Sacha Summers,1-953-128-3230,duis.cursus@yahoo.couk,Ap #896-4259 Sociosqu Av.,11,Peru,Kirov Oblast,6738 MY,"nunc, ullamcorper eu, euismod ac, fermentum vel, mauris. Integer sem",1,$6.68,PHV35OOK5VH
Caryn Hopper,1-754-704-3575,purus.nullam@protonmail.edu,Ap #351-9643 Nam St.,9,Poland,Pays de la Loire,04703,Quisque varius. Nam porttitor scelerisque neque. Nullam nisl. Maecenas malesuada,1,$68.01,URF36QIW1LF
Maile Snider,(495) 202-1130,mattis@google.edu,4529 Lacinia St.,15,Belgium,Carinthia,18263,non enim commodo hendrerit. Donec porttitor tellus non magna. Nam,5,$63.32,CGU75GCW2EU
Sawyer Weber,(686) 498-2830,dui.cras@icloud.edu,Ap #852-8338 Lorem Av.,3,Norway,West Region,8462 ZK,"mi pede, nonummy ut, molestie in, tempus eu, ligula. Aenean",2,$17.15,RVS56NFM7JO
Arsenio Guy,1-763-878-3187,at@google.couk,Ap #892-3899 Nulla Rd.,1,Italy,Carinthia,34059,ut nisi a odio semper cursus. Integer mollis. Integer tincidunt,7,$69.92,XUG49TVK9YN
Clinton Lancaster,1-575-332-1179,aliquam.tincidunt@hotmail.couk,2230 Porta St.,13,France,Alberta,84270,a mi fringilla mi lacinia mattis. Integer eu lacus. Quisque,8,$91.13,BHJ57LBV2PX
Yvette Huff,1-165-531-8368,nisl@outlook.net,Ap #828-7369 Neque St.,5,Pakistan,North Island,5078,"mi eleifend egestas. Sed pharetra, felis eget varius ultrices, mauris",6,$92.88,PKL42MBG6IH
Cailin England,1-744-458-9344,ut.ipsum@google.org,2884 Auctor. Av.,15,South Korea,Diyarbakır,602964,"egestas rhoncus. Proin nisl sem, consequat nec, mollis vitae, posuere",8,$88.10,RLG26BXT5IW
Wynne Blake,1-227-777-4725,mauris.molestie@icloud.org,"5840 Non, Street",11,Canada,Azad Kashmir,328559,"risus a ultricies adipiscing, enim mi tempor lorem, eget mollis",10,$97.35,LSQ27TBA5DG
Lisandra Blanchard,(614) 680-3225,id@outlook.com,618-8533 Massa. Street,5,South Korea,Dōngběi,142516,Aliquam erat volutpat. Nulla dignissim. Maecenas ornare egestas ligula. Nullam,4,$46.20,BUL75UIZ3OJ
Grace Weber,1-987-219-1123,aliquam.vulputate.ullamcorper@icloud.net,375-6025 Sem St.,9,Philippines,Northern Mindanao,89185-84737,"felis ullamcorper viverra. Maecenas iaculis aliquet diam. Sed diam lorem,",3,$27.08,KKI42YWE0US
Lydia James,1-516-858-6471,netus.et@aol.com,9445 Dolor Avenue,9,South Korea,Leningrad Oblast,74-45,"blandit enim consequat purus. Maecenas libero est, congue a, aliquet",4,$70.83,KSG65XFN3IN
Scarlett Melendez,(621) 369-6788,purus.in@yahoo.ca,"Ap #137-1898 Facilisis, Road",13,Australia,Waals-Brabant,13946-88327,"Aliquam adipiscing lobortis risus. In mi pede, nonummy ut, molestie",4,$45.69,NUI48THJ3WE
Brendan Contreras,(276) 349-7123,dictum@yahoo.org,592-3997 Lectus. Rd.,7,Canada,Khmelnytskyi oblast,31179,"congue, elit sed consequat auctor, nunc nulla vulputate dui, nec",1,$45.92,TYC15RLJ5YF
Clarke Silva,1-697-461-0144,turpis.egestas@google.net,7068 Penatibus Road,7,Colombia,Oost-Vlaanderen,95822,mauris a nunc. In at pede. Cras vulputate velit eu,1,$84.67,LOO57SDA5UA
Sasha Mays,(991) 272-5832,tempus@yahoo.net,5220 Dictum. Street,5,Philippines,Gelderland,8894,"porta elit, a feugiat tellus lorem eu metus. In lorem.",7,$96.63,LAW57DYK5HW
Kato Rowland,1-605-408-3367,dolor.dapibus@protonmail.org,"Ap #456-6275 Eu, Av.",19,Vietnam,Ogun,4351 CX,"lorem eu metus. In lorem. Donec elementum, lorem ut aliquam",9,$62.77,CGA61JSU3EJ
Iris Kinney,1-786-907-0556,elit.elit@outlook.couk,9111 Metus. Rd.,13,Belgium,Antofagasta,63312,et ipsum cursus vestibulum. Mauris magna. Duis dignissim tempor arcu.,1,$84.76,TPO10TXS7SJ
Portia Pennington,1-888-263-6831,mauris.vel@yahoo.couk,"Ap #447-9030 A, St.",7,United Kingdom,Mississippi,81768,"Class aptent taciti sociosqu ad litora torquent per conubia nostra,",8,$45.46,LKE54MVO2LF
Savannah Wynn,1-753-563-4016,lectus.justo.eu@google.net,"P.O. Box 391, 860 Id, Av.",13,Germany,Gyeonggi,255623,Curabitur egestas nunc sed libero. Proin sed turpis nec mauris,5,$63.63,DUQ22MOD3EN
Yuri Henry,(810) 592-1614,mollis@icloud.couk,Ap #968-111 Etiam St.,15,New Zealand,Luxemburg,9691,"vestibulum lorem, sit amet ultricies sem magna nec quam. Curabitur",5,$39.84,DPP71FOF6TF
Barclay Craft,(362) 266-3620,risus.nulla@aol.edu,Ap #774-4317 Pretium Av.,7,Germany,Arunachal Pradesh,6764-5331,enim diam vel arcu. Curabitur ut odio vel est tempor,3,$83.06,GJN42XWO5FU
Nyssa Hodge,(581) 373-7812,dapibus.quam@outlook.net,407-4917 Senectus Rd.,3,Costa Rica,North Region,77673,"Aliquam tincidunt, nunc ac mattis ornare, lectus ante dictum mi,",1,$84.95,GLE02QEG5SG
Amela Sutton,(562) 768-1737,convallis.ante.lectus@icloud.edu,8155 Ipsum Road,7,Colombia,Santander,398965,odio sagittis semper. Nam tempor diam dictum sapien. Aenean massa.,1,$32.54,QKD71IJF8TI
Alexander Richmond,1-661-973-0718,ornare.in@aol.couk,Ap #995-7379 Dui. Avenue,3,Costa Rica,Møre og Romsdal,724638,"sapien. Cras dolor dolor, tempus non, lacinia at, iaculis quis,",8,$83.33,BDS88DPY3XW
Tate Smith,(687) 896-1771,proin.vel@aol.edu,"P.O. Box 220, 906 Mauris Av.",3,Mexico,Styria,26787,"luctus aliquet odio. Etiam ligula tortor, dictum eu, placerat eget,",5,$0.92,YDG77SKY7MG
Zephania Whitehead,1-343-478-6761,nullam.suscipit@outlook.org,2555 Et Road,19,Norway,Kano,13442,"mauris id sapien. Cras dolor dolor, tempus non, lacinia at,",1,$10.15,RRQ20PIV6OW
Stacy Douglas,(469) 618-4770,posuere@hotmail.net,Ap #747-7346 Est. Av.,3,Ireland,Carinthia,0525,"diam. Sed diam lorem, auctor quis, tristique ac, eleifend vitae,",8,$46.17,KZG37DSW6NT
Lael Sellers,1-804-128-2465,lorem@icloud.com,682-4963 Ac Rd.,17,Pakistan,Noord Brabant,T7L 2A4,"sed dui. Fusce aliquam, enim nec tempus scelerisque, lorem ipsum",4,$14.50,ITG75LQO7JS
Ann Bradshaw,1-803-746-8344,magnis.dis@hotmail.com,Ap #998-2541 Ultrices Rd.,3,Pakistan,Maule,68573,"vitae semper egestas, urna justo faucibus lectus, a sollicitudin orci",7,$97.91,ZEV81RPL0ER
Raja Slater,1-795-223-7452,etiam.bibendum.fermentum@protonmail.com,"336-5274 Nunc, Rd.",3,Singapore,Hampshire,28371,"lectus, a sollicitudin orci sem eget massa. Suspendisse eleifend. Cras",5,$51.77,UNR54GDW2GN
Dale Ball,(663) 375-1652,ut.quam@protonmail.com,"P.O. Box 326, 808 Magna. Road",13,Germany,Van,25676,metus. Vivamus euismod urna. Nullam lobortis quam a felis ullamcorper,9,$98.33,HXT54IPB3SF
Ignacia Mcintyre,1-622-891-6947,cras.dictum.ultricies@google.com,"Ap #156-5009 Vulputate, Avenue",13,South Africa,Southwestern Tagalog Region,512545,"felis. Donec tempor, est ac mattis semper, dui lectus rutrum",8,$55.53,HEG26HDQ6BX
Tyler Dominguez,1-389-640-1145,orci.donec@hotmail.couk,477-7585 Est St.,15,China,Podkarpackie,11538,"velit justo nec ante. Maecenas mi felis, adipiscing fringilla, porttitor",1,$44.77,BKT96SDQ2CH
Steel Mcfadden,1-365-447-7846,pede.cum@outlook.ca,Ap #553-9344 Consectetuer Road,9,China,Cartago,55188,suscipit nonummy. Fusce fermentum fermentum arcu. Vestibulum ante ipsum primis,5,$47.53,SEG94KUR4MJ
Halee Workman,(823) 487-4727,eu@outlook.couk,"P.O. Box 259, 8736 Augue, Rd.",19,Poland,Flevoland,376476,"ullamcorper eu, euismod ac, fermentum vel, mauris. Integer sem elit,",3,$12.11,RPH44XVI3EH
Kitra Travis,(770) 811-4735,egestas@icloud.net,"Ap #761-9760 At, Rd.",9,Norway,Đắk Lắk,31359,"molestie sodales. Mauris blandit enim consequat purus. Maecenas libero est,",4,$20.83,VYH85PGW8LW
Evelyn Farley,(732) 802-2777,elit.a@outlook.net,Ap #551-6374 Suspendisse Rd.,19,Pakistan,Emilia-Romagna,2155,nulla at sem molestie sodales. Mauris blandit enim consequat purus.,3,$88.83,TNV13TTW5TH
Keane Melton,(669) 619-5416,neque.in@aol.ca,Ap #525-7982 Nisi. Street,5,Vietnam,Arica y Parinacota,102274,"est tempor bibendum. Donec felis orci, adipiscing non, luctus sit",9,$83.46,NDY98SDA5GB
Ima Turner,(743) 741-3235,bibendum.ullamcorper@google.ca,Ap #383-7799 Sem Rd.,5,France,Los Ríos,497921,"augue scelerisque mollis. Phasellus libero mauris, aliquam eu, accumsan sed,",8,$91.65,ZNP95QJK2KI
Cailin Hall,1-725-288-1784,lacus.quisque@outlook.com,"984-8041 Eu, Avenue",3,Poland,Noord Brabant,7946-1203,"nulla ante, iaculis nec, eleifend non, dapibus rutrum, justo. Praesent",1,$73.44,SKF24LOA8MR
Tanner Poole,1-631-305-5282,rhoncus.proin@icloud.couk,Ap #600-327 Blandit Road,5,China,Şanlıurfa,38507,dictum augue malesuada malesuada. Integer id magna et ipsum cursus,3,$84.32,NKX45BJY9WK
Brent Wade,1-241-645-1729,ligula.aliquam.erat@outlook.edu,"P.O. Box 235, 1118 Nec Ave",9,Russian Federation,Chiapas,366015,"et magnis dis parturient montes, nascetur ridiculus mus. Proin vel",2,$38.11,GCO57WSN7VG
Allen Curry,1-881-874-9833,feugiat.placerat@protonmail.net,7901 Cubilia Street,5,Belgium,Punjab,11378,molestie tortor nibh sit amet orci. Ut sagittis lobortis mauris.,9,$4.95,ECO43BVV4YM
Garrison Burt,(352) 262-1444,vestibulum@google.org,7747 Convallis Ave,5,South Africa,Kaluga Oblast,12028,"elementum, dui quis accumsan convallis, ante lectus convallis est, vitae",0,$76.91,OTC90JWG4RH
Quemby Waters,1-677-677-6889,ut.dolor@aol.edu,Ap #661-4064 Semper St.,5,United States,Jönköpings län,626232,"Suspendisse aliquet, sem ut cursus luctus, ipsum leo elementum sem,",0,$34.87,CTG27XRR8EG
Xander Davidson,(744) 635-2067,eleifend.non@yahoo.ca,Ap #298-2563 Consequat Rd.,5,Brazil,Leinster,441228,"magna. Ut tincidunt orci quis lectus. Nullam suscipit, est ac",4,$49.33,TTZ96UDQ6TQ
Kylie Charles,1-117-363-7571,elementum.sem@icloud.com,235-6366 Enim St.,7,Brazil,Stockholms län,888222,Phasellus in felis. Nulla tempor augue ac ipsum. Phasellus vitae,8,$40.71,ZMP93YDJ4XB
Graiden Paul,(715) 647-8887,enim.diam.vel@hotmail.edu,Ap #946-5055 Risus St.,13,Nigeria,Andhra Pradesh,07042,ridiculus mus. Proin vel nisl. Quisque fringilla euismod enim. Etiam,4,$86.98,ORN58NUN8BJ
Barclay Blanchard,(928) 757-3318,magna.nec.quam@hotmail.edu,"249-5324 Lobortis, Avenue",17,Australia,Styria,756059,"quis, pede. Praesent eu dui. Cum sociis natoque penatibus et",1,$51.03,RUS86IIM7NE
Basia Russo,(381) 685-3883,tempor@google.ca,Ap #667-5005 Donec Rd.,17,Ireland,Tasmania,442282,"ante, iaculis nec, eleifend non, dapibus rutrum, justo. Praesent luctus.",2,$10.17,DFH82PBX5HF
Kato Hogan,1-333-185-2216,nulla.interdum.curabitur@aol.ca,1808 Aliquet Rd.,9,Pakistan,South Jeolla,4417,"tempor bibendum. Donec felis orci, adipiscing non, luctus sit amet,",9,$31.34,FAO78FVH5SS
Jasper Thornton,1-526-675-3193,sit@hotmail.couk,"Ap #427-5775 Ultrices, Road",1,Ukraine,Murcia,45438,"facilisis, magna tellus faucibus leo, in lobortis tellus justo sit",6,$99.61,IVH23IDX6IN
Jamal Mosley,(282) 665-7013,malesuada.augue@protonmail.edu,842-3746 Ornare. Avenue,3,Colombia,İzmir,217167,commodo auctor velit. Aliquam nisl. Nulla eu neque pellentesque massa,8,$52.78,YMO24KPD3SI
Allen Hubbard,(368) 948-7462,elit@hotmail.couk,Ap #646-3609 Diam. Street,7,China,Tuyên Quang,2569,"faucibus lectus, a sollicitudin orci sem eget massa. Suspendisse eleifend.",2,$68.40,GDS24WRT3YS
Olivia Price,(522) 477-4782,cras.lorem.lorem@icloud.ca,5667 Odio St.,9,Pakistan,Samara Oblast,7181,"cursus in, hendrerit consectetuer, cursus et, magna. Praesent interdum ligula",1,$91.32,BCN62TUH6FK
Teagan Rich,(718) 312-1048,varius@google.net,"P.O. Box 615, 2359 Euismod Rd.",3,France,Antofagasta,625481,"et, euismod et, commodo at, libero. Morbi accumsan laoreet ipsum.",9,$49.59,ISS28NNK2IJ
Ursa Byrd,(221) 837-1175,nisl.arcu@protonmail.com,378-7533 Imperdiet Street,13,Belgium,Brussels Hoofdstedelijk Gewest,171225,ornare. Fusce mollis. Duis sit amet diam eu dolor egestas,1,$61.64,RGG79AUP1XT
Hadley Holman,(361) 814-7105,vestibulum.mauris@hotmail.org,"P.O. Box 206, 3867 Vestibulum Rd.",13,Ukraine,Murcia,44535,"rutrum eu, ultrices sit amet, risus. Donec nibh enim, gravida",10,$56.49,KST87RAO8RL
Ori Frye,(643) 323-3433,id@hotmail.edu,980-3571 Magna. Avenue,9,India,Waals-Brabant,88517-631,fames ac turpis egestas. Fusce aliquet magna a neque. Nullam,4,$34.57,IHE87RBW0YR
Elijah Campos,(827) 975-8555,risus.duis@google.couk,357-1060 Sagittis St.,19,Colombia,Manisa,9134,"Nam nulla magna, malesuada vel, convallis in, cursus et, eros.",6,$51.27,RQO27HTF6SC
Ali Snow,1-725-589-7144,maecenas.iaculis@yahoo.edu,"1629 Amet, Avenue",17,Turkey,Podkarpackie,143959,fermentum metus. Aenean sed pede nec ante blandit viverra. Donec,10,$32.78,CTG72PHO1TU
Brady Booker,(894) 223-3558,torquent.per@google.net,935-1727 Ipsum Rd.,3,Peru,Ceará,668382,"lorem, luctus ut, pellentesque eget, dictum placerat, augue. Sed molestie.",6,$58.61,IJY51CGC2HJ
Troy Dyer,1-844-190-0958,odio.a@hotmail.ca,"P.O. Box 112, 4097 Dictum Av.",5,Germany,Gauteng,38-67,tortor. Integer aliquam adipiscing lacus. Ut nec urna et arcu,9,$78.09,HWW25QXP6WG
Desirae Williamson,(264) 747-8817,dictum.phasellus@protonmail.com,593-5976 Penatibus Av.,9,Norway,Riau Islands,7222 CN,"eu, ultrices sit amet, risus. Donec nibh enim, gravida sit",0,$23.51,WXE32NJG2XW
Channing Mueller,1-384-711-7252,arcu.sed.eu@icloud.ca,Ap #462-544 Turpis St.,9,Vietnam,South Island,23864,vulputate ullamcorper magna. Sed eu eros. Nam consequat dolor vitae,4,$6.83,BHF24IPM2KR
Kim Walker,(372) 656-9948,nulla@yahoo.org,"Ap #984-2251 Non, Av.",17,South Africa,Orkney,65248,"orci, in consequat enim diam vel arcu. Curabitur ut odio",3,$48.02,HEW35BSG2IS
Charissa Mendez,1-363-755-4216,luctus@outlook.net,888-6484 Nec St.,19,Austria,Vorarlberg,2430,"erat semper rutrum. Fusce dolor quam, elementum at, egestas a,",2,$24.78,NWP76PPQ8IW
Edan Cotton,1-978-759-4596,placerat.eget@outlook.couk,2369 Lectus. St.,3,Brazil,Dnipropetrovsk oblast,25386,"semper egestas, urna justo faucibus lectus, a sollicitudin orci sem",7,$5.18,HVP25MGN0XZ
Emery Weeks,(806) 296-2485,adipiscing.fringilla@protonmail.net,"P.O. Box 923, 4514 At Road",1,Canada,Amazonas,82361,Praesent luctus. Curabitur egestas nunc sed libero. Proin sed turpis,10,$90.97,DKV57EFK6QP
Kuame Emerson,(142) 222-1736,odio.aliquam.vulputate@icloud.org,763-6593 Arcu Avenue,9,Poland,Troms og Finnmark,48229,Pellentesque habitant morbi tristique senectus et netus et malesuada fames,8,$6.89,YDD47RPA8XP
Reed Navarro,(464) 924-2073,senectus.et@yahoo.org,923-4713 Aliquet Rd.,11,Colombia,Vlaams-Brabant,487202,"eu, placerat eget, venenatis a, magna. Lorem ipsum dolor sit",10,$3.50,PKH79MZJ5ZO
Tanek Morris,1-131-496-2388,ut.eros@outlook.ca,429-1878 Dis Ave,11,Poland,Khyber Pakhtoonkhwa,96155,"pretium aliquet, metus urna convallis erat, eget tincidunt dui augue",2,$92.15,WQA16LIJ7BD
Vaughan Mcfadden,(450) 847-6167,proin.sed@outlook.ca,241-5107 Ipsum. Street,19,China,Henegouwen,52925,"mollis non, cursus non, egestas a, dui. Cras pellentesque. Sed",9,$68.68,JPF33JHI0LX
Amy Marshall,(882) 942-2911,odio.aliquam@icloud.net,Ap #925-6737 Massa Av.,7,New Zealand,Basse-Normandie,37524,Praesent interdum ligula eu enim. Etiam imperdiet dictum magna. Ut,3,$13.06,RGS52UQP5YO
Eaton Vaughn,(563) 118-7831,pellentesque.a@yahoo.ca,"Ap #386-9627 Quis, Avenue",15,South Africa,Northwest Territories,3233,"scelerisque neque sed sem egestas blandit. Nam nulla magna, malesuada",6,$85.88,QYC45XKP2JL
Kylee Dominguez,(871) 187-7784,ultrices.sit.amet@yahoo.couk,233-5044 Aliquet. Ave,1,Russian Federation,East Region,24-97,"Duis risus odio, auctor vitae, aliquet nec, imperdiet nec, leo.",2,$10.33,JML64HPI8CP
Kirsten Kinney,(413) 888-4503,lacus.ut.nec@aol.org,"P.O. Box 986, 7408 Velit. Rd.",11,Sweden,Nevada,8649,sed libero. Proin sed turpis nec mauris blandit mattis. Cras,1,$71.40,YGX40ISK2JN
Hector Conway,1-784-318-9842,aliquam.nec@aol.edu,9634 Ornare. Av.,1,India,Castilla - La Mancha,0487,"imperdiet non, vestibulum nec, euismod in, dolor. Fusce feugiat. Lorem",9,$5.47,SBR85DFG2YF
Adara Sanders,1-310-823-6234,dignissim.maecenas@yahoo.edu,412-2413 Eget St.,3,Poland,Gävleborgs län,168128,"at augue id ante dictum cursus. Nunc mauris elit, dictum",8,$81.77,SLM15PYL8MT
Octavia Underwood,1-433-254-6722,et@outlook.edu,Ap #611-3150 Ipsum Street,7,Nigeria,Los Ríos,6389,"velit egestas lacinia. Sed congue, elit sed consequat auctor, nunc",6,$96.14,QJU72NDC5DK
Flynn Navarro,1-244-530-3629,sit.amet@protonmail.edu,"P.O. Box 378, 1182 Proin Rd.",3,United States,Salzburg,653251,ante. Vivamus non lorem vitae odio sagittis semper. Nam tempor,9,$15.09,TTH44JOT2TN
Noah Hartman,(934) 347-9261,dui@google.edu,1593 Ullamcorper St.,3,Sweden,Leinster,21108,"vitae, erat. Vivamus nisi. Mauris nulla. Integer urna. Vivamus molestie",2,$25.88,UVY66VBW1WD
Seth Walls,(242) 476-8215,quam.dignissim@protonmail.couk,759-6036 Quisque Road,15,Vietnam,Guerrero,42748-83201,"varius orci, in consequat enim diam vel arcu. Curabitur ut",4,$49.79,AOZ51IIH4FJ
Isaac Kramer,1-283-268-7291,montes@aol.couk,412-7813 Nunc St.,17,Philippines,Araucanía,23614,"Nunc ut erat. Sed nunc est, mollis non, cursus non,",7,$14.66,EZO30OQQ8PU
Jaime Atkins,(331) 353-3119,felis.adipiscing@hotmail.org,"376-2398 At, Rd.",3,United Kingdom,North Island,30189-35640,"sed dictum eleifend, nunc risus varius orci, in consequat enim",10,$16.62,PGE38BCZ6IS
Shaeleigh Weiss,(788) 417-5412,turpis.non.enim@hotmail.ca,"7344 Ante, Road",15,Netherlands,Riau Islands,491760,"elit, dictum eu, eleifend nec, malesuada ut, sem. Nulla interdum.",7,$56.95,JEU69FUH3JW
Zoe Zamora,(814) 588-8845,pharetra.nibh@protonmail.couk,Ap #279-8537 Amet St.,11,New Zealand,Northern Cape,36470,"pharetra ut, pharetra sed, hendrerit a, arcu. Sed et libero.",9,$40.19,IHR71YFW1WH
Blake Kline,(212) 222-5208,non@outlook.net,449-1877 Convallis Ave,5,Austria,Gilgit Baltistan,29843,"Aliquam gravida mauris ut mi. Duis risus odio, auctor vitae,",8,$95.17,ATU17MYE9DX
Acton Vasquez,(638) 751-5401,hendrerit.neque@protonmail.org,986-1337 Quisque Rd.,17,Turkey,Delta,51-491,"iaculis aliquet diam. Sed diam lorem, auctor quis, tristique ac,",5,$19.71,GHU65SQY8JJ
Olympia Sweeney,1-826-737-6116,ligula@protonmail.com,Ap #270-3959 Parturient Avenue,9,Vietnam,Sindh,2572-3566,"euismod et, commodo at, libero. Morbi accumsan laoreet ipsum. Curabitur",0,$77.68,IMV15YLM7BS
Pearl Clemons,(424) 714-8437,gravida.aliquam.tincidunt@yahoo.ca,"P.O. Box 811, 1875 Gravida. St.",1,United States,Chernihiv oblast,664716,"consequat purus. Maecenas libero est, congue a, aliquet vel, vulputate",6,$0.50,PDN26KIK2JX
Macon Gutierrez,1-122-229-6164,eu.dui@hotmail.net,7426 Diam Rd.,1,India,Colorado,1638,"pellentesque eget, dictum placerat, augue. Sed molestie. Sed id risus",10,$88.70,IDB42TST2MB
Isabelle Mendez,1-116-306-8482,nulla@google.edu,400-2201 Sagittis Road,19,Spain,Tamaulipas,354165,ligula. Aenean euismod mauris eu elit. Nulla facilisi. Sed neque.,2,$70.93,SXW23MYU3PE
Orli Mccray,(447) 962-8088,erat.neque@yahoo.net,9537 Integer Ave,17,Germany,Ross-shire,15-592,"dui, nec tempus mauris erat eget ipsum. Suspendisse sagittis. Nullam",3,$97.07,QWJ38OYN7CK
Alana Harmon,(551) 214-4327,primis@google.ca,"P.O. Box 621, 8869 Ligula. Avenue",5,United Kingdom,Rheinland-Pfalz,67521-83282,"Proin velit. Sed malesuada augue ut lacus. Nulla tincidunt, neque",3,$20.44,JAC02GCF9EK
Dolan Harper,1-753-385-8195,pretium.neque.morbi@outlook.couk,9974 Egestas. Avenue,11,United Kingdom,Flevoland,4736,Donec egestas. Duis ac arcu. Nunc mauris. Morbi non sapien,6,$88.54,SSH32AAT3YI
Kaitlin Stein,1-830-811-6156,nulla.aliquet.proin@outlook.edu,Ap #844-1565 Elit. Road,1,Costa Rica,Huáběi,327871,"ut lacus. Nulla tincidunt, neque vitae semper egestas, urna justo",4,$44.98,LTQ57LBF4GD
Ralph Whitney,(358) 971-5142,auctor.odio@hotmail.couk,"P.O. Box 851, 1515 Ac Avenue",17,South Korea,Daman and Diu,582082,"dolor egestas rhoncus. Proin nisl sem, consequat nec, mollis vitae,",8,$29.87,BML21XEP5CV
Vladimir Hancock,(507) 431-1340,duis.risus@outlook.org,"P.O. Box 674, 1927 Mi St.",13,Austria,Xīběi,195489,orci luctus et ultrices posuere cubilia Curae Donec tincidunt. Donec,1,$82.12,NYE27QYS5KP
Tate Woodward,(234) 276-4621,egestas.hendrerit@outlook.org,Ap #575-8380 Pede. Av.,7,New Zealand,Banten,32110,"egestas rhoncus. Proin nisl sem, consequat nec, mollis vitae, posuere",3,$29.43,XJT05OLJ4MW
Adena Pierce,1-812-982-9535,sit@icloud.edu,3468 Aenean St.,11,United States,Sachsen-Anhalt,737167,tempor augue ac ipsum. Phasellus vitae mauris sit amet lorem,5,$25.17,OLW19QOL7EU
Yeo Stephens,1-283-398-1799,morbi.non.sapien@outlook.com,Ap #562-4941 Dui Avenue,1,United Kingdom,Gävleborgs län,20511,volutpat. Nulla dignissim. Maecenas ornare egestas ligula. Nullam feugiat placerat,8,$56.33,BMF08RBC5CQ
Kalia Armstrong,(715) 415-6736,sit.amet@aol.com,5515 Euismod St.,5,Sweden,Andaman and Nicobar Islands,56535,Phasellus vitae mauris sit amet lorem semper auctor. Mauris vel,3,$99.06,JPH41CZD4XJ
Alexandra William,(113) 962-3463,iaculis.odio.nam@outlook.ca,703-3676 Tempus Street,7,Sweden,Utah,83-47,placerat velit. Quisque varius. Nam porttitor scelerisque neque. Nullam nisl.,3,$7.32,OFR75XST7XE
Maryam Bell,1-248-615-4611,aliquet@aol.ca,"P.O. Box 656, 3181 Lacus. Rd.",17,Netherlands,Noord Holland,4811,magna. Duis dignissim tempor arcu. Vestibulum ut eros non enim,2,$75.09,CJH57XQF2ZS
Josephine Davis,1-271-857-1993,pede.sagittis@aol.org,7755 In Ave,1,Norway,Connacht,3339,"gravida. Aliquam tincidunt, nunc ac mattis ornare, lectus ante dictum",8,$26.20,OYA58EXH6SX
Ferdinand O'Neill,(631) 546-2903,vitae.orci@aol.net,Ap #143-2478 Phasellus Av.,19,Canada,Noord Holland,12805,"pretium et, rutrum non, hendrerit id, ante. Nunc mauris sapien,",8,$2.88,WGN12PDB0NN
Ocean Goff,1-519-387-1281,cras.vulputate@outlook.net,Ap #353-448 Augue Ave,9,South Korea,Vestland,34093,interdum enim non nisi. Aenean eget metus. In nec orci.,2,$96.33,KNJ84TYI0UM
Hanae Porter,(524) 755-3186,posuere.cubilia@hotmail.net,668-3790 Rutrum Avenue,11,India,South Australia,84334,"Ut tincidunt orci quis lectus. Nullam suscipit, est ac facilisis",7,$25.22,XIL13DNS2PC
Laura Daniel,(284) 572-7605,id@yahoo.couk,Ap #744-7626 Ligula. Avenue,11,United Kingdom,Ontario,41211,sit amet nulla. Donec non justo. Proin non massa non,1,$30.04,QPI82XVV5TH
Cleo Woods,1-551-581-4493,arcu.vestibulum@protonmail.com,580-8473 Fermentum Avenue,13,India,Madrid,0155,"vulputate, risus a ultricies adipiscing, enim mi tempor lorem, eget",5,$20.88,CCR23JTJ8OK
Michael Hartman,1-747-436-9219,libero.nec@protonmail.edu,705-633 Diam. Ave,17,New Zealand,Zeeland,81742,nibh vulputate mauris sagittis placerat. Cras dictum ultricies ligula. Nullam,7,$31.42,RTF24JJG6PJ
Charde Wallace,(377) 333-8456,pede.et.risus@yahoo.couk,Ap #530-5743 Ante Rd.,1,Chile,Lakshadweep,175311,"est tempor bibendum. Donec felis orci, adipiscing non, luctus sit",10,$61.56,KWI08DHQ2NQ
Kibo French,1-830-172-3458,eu@yahoo.couk,Ap #474-8433 Nulla Av.,11,Chile,San Luis Potosí,4346,"luctus aliquet odio. Etiam ligula tortor, dictum eu, placerat eget,",10,$77.40,LEG48QNB9BW
Kiayada Marsh,(697) 187-2478,euismod@aol.org,817-9129 Integer Street,19,Canada,Murcia,7755,primis in faucibus orci luctus et ultrices posuere cubilia Curae,3,$63.05,AGX57NZA8HV
Yuri Ballard,(790) 652-1536,donec@yahoo.couk,"P.O. Box 941, 3672 Consequat Ave",15,Australia,Gävleborgs län,18-434,Nullam nisl. Maecenas malesuada fringilla est. Mauris eu turpis. Nulla,9,$48.11,MJN88JNR3JL
Chaim Coleman,(232) 436-4854,augue.malesuada@icloud.couk,"P.O. Box 476, 3437 Cras Av.",11,Indonesia,Ankara,83931-72310,"mi pede, nonummy ut, molestie in, tempus eu, ligula. Aenean",8,$65.97,GTB15SAG2OT
Inga French,1-631-353-9752,enim@icloud.edu,"119-6616 Sed, Street",7,Indonesia,South Gyeongsang,76240,"sodales at, velit. Pellentesque ultricies dignissim lacus. Aliquam rutrum lorem",6,$52.62,DYA71LNR3CG
Omar Scott,(388) 718-3938,amet.orci@yahoo.net,7255 Nam Ave,19,Brazil,łódzkie,48369,"tincidunt dui augue eu tellus. Phasellus elit pede, malesuada vel,",3,$29.17,KHX26ZQX7KR
Elmo Robinson,1-748-100-0726,aliquet.odio.etiam@protonmail.com,895-5270 Dictum Street,1,Poland,Brussels Hoofdstedelijk Gewest,GK96 4UU,dolor vitae dolor. Donec fringilla. Donec feugiat metus sit amet,1,$70.07,GOP58WEP4DO
Kyle Holmes,1-107-368-7461,ipsum.donec@protonmail.org,Ap #778-3734 Suspendisse Rd.,9,South Korea,Araucanía,2736,urna et arcu imperdiet ullamcorper. Duis at lacus. Quisque purus,5,$97.16,GCT54YGP4UZ
Aurelia Castro,(287) 273-3613,neque.sed@aol.ca,157-719 Leo. Ave,17,Singapore,Ulster,47794,Nulla interdum. Curabitur dictum. Phasellus in felis. Nulla tempor augue,9,$10.26,TPD27LKB8RP
